Year,Series,Gender,Sector,Discrimination,Education level,Ethnicity,Wealth Index Quintile,Geopolitical zone,State,Age group,GeoCode,Value
2021,,Male,,Ethnic or immigration origin,,,,,,,NG,13.6
2021,,Male,Urban,Ethnic or immigration origin,,,,,,,NG,11.3
2021,,Male,Rural,Ethnic or immigration origin,,,,,,,NG,15.6
2021,,Male,,Ethnic or immigration origin,,,,,,15-19,NG,10.7
2021,,Male,,Ethnic or immigration origin,,,,,,15-17,NG,10.3
2021,,Male,,Ethnic or immigration origin,,,,,,18-19,NG,11.3
2021,,Male,,Ethnic or immigration origin,,,,,,20-24,NG,13.3
2021,,Male,,Ethnic or immigration origin,,,,,,25-29,NG,15.2
2021,,Male,,Ethnic or immigration origin,,,,,,30-34,NG,15.4
2021,,Male,,Ethnic or immigration origin,,,,,,35-39,NG,14.8
2021,,Male,,Ethnic or immigration origin,,,,,,40-44,NG,15.6
2021,,Male,,Ethnic or immigration origin,,,,,,45-49,NG,14.2
2021,,Male,,Ethnic or immigration origin,None,,,,,,NG,18.5
2021,,Male,,Ethnic or immigration origin,Primary,,,,,,NG,15.2
2021,,Male,,Ethnic or immigration origin,Junior secondary,,,,,,NG,13.5
2021,,Male,,Ethnic or immigration origin,Senior secondary,,,,,,NG,11.3
2021,,Male,,Ethnic or immigration origin,Higher/tertiary,,,,,,NG,14.0
2021,,Male,,Ethnic or immigration origin,,Hausa,,,,,NG,15.4
2021,,Male,,Ethnic or immigration origin,,Igbo,,,,,NG,9.8
2021,,Male,,Ethnic or immigration origin,,Yoruba,,,,,NG,2.6
2021,,Male,,Ethnic or immigration origin,,Fulani,,,,,NG,21.8
2021,,Male,,Ethnic or immigration origin,,Kanuri,,,,,NG,19.5
2021,,Male,,Ethnic or immigration origin,,Ijaw,,,,,NG,16.1
2021,,Male,,Ethnic or immigration origin,,Tiv,,,,,NG,7.8
2021,,Male,,Ethnic or immigration origin,,Ibibio,,,,,NG,23.2
2021,,Male,,Ethnic or immigration origin,,Edo,,,,,NG,5.5
2021,,Male,,Ethnic or immigration origin,,Other ethnicity,,,,,NG,18.5
2021,,Male,,Ethnic or immigration origin,,,Poorest,,,,NG,17.0
2021,,Male,,Ethnic or immigration origin,,,Second,,,,NG,16.2
2021,,Male,,Ethnic or immigration origin,,,Middle,,,,NG,13.1
2021,,Male,,Ethnic or immigration origin,,,Fourth,,,,NG,12.9
2021,,Male,,Ethnic or immigration origin,,,Richest,,,,NG,10.1
2021,,Male,,Ethnic or immigration origin,,,,North  Central,,,NGNCZ06,15.6
2021,,Male,,Ethnic or immigration origin,,,,North East,,,NGNEZ05,20.6
2021,,Male,,Ethnic or immigration origin,,,,North West,,,NGNWZ04,15.0
2021,,Male,,Ethnic or immigration origin,,,,South East,,,NGSEZ03,9.1
2021,,Male,,Ethnic or immigration origin,,,,South South,,,NGSSZ02,20.7
2021,,Male,,Ethnic or immigration origin,,,,South West,,,NGSWZ01,2.8
2021,,Male,,Ethnic or immigration origin,,,,,Abia,,NGAB01,3.0
2021,,Male,,Ethnic or immigration origin,,,,,Adamawa,,NGAD02,7.8
2021,,Male,,Ethnic or immigration origin,,,,,Akwa Ibom,,NGAK03,28.6
2021,,Male,,Ethnic or immigration origin,,,,,Anambra,,NGAN04,12.5
2021,,Male,,Ethnic or immigration origin,,,,,Bauchi,,NGBA05,20.0
2021,,Male,,Ethnic or immigration origin,,,,,Bayelsa,,NGBY06,11.8
2021,,Male,,Ethnic or immigration origin,,,,,Benue,,NGBE07,0.0
2021,,Male,,Ethnic or immigration origin,,,,,Borno,,NGBO08,31.1
2021,,Male,,Ethnic or immigration origin,,,,,Cross River,,NGXR09,4.3
2021,,Male,,Ethnic or immigration origin,,,,,Delta,,NGDE10,29.1
2021,,Male,,Ethnic or immigration origin,,,,,Ebonyi,,NGEB11,31.9
2021,,Male,,Ethnic or immigration origin,,,,,Edo,,NGED12,12.5
2021,,Male,,Ethnic or immigration origin,,,,,Ekiti,,NGEK13,3.2
2021,,Male,,Ethnic or immigration origin,,,,,Enugu,,NGEN14,2.7
2021,,Male,,Ethnic or immigration origin,,,,,Gombe,,NGGO15,21.4
2021,,Male,,Ethnic or immigration origin,,,,,Imo,,NGIM16,0.2
2021,,Male,,Ethnic or immigration origin,,,,,Jigawa,,NGJI17,28.3
2021,,Male,,Ethnic or immigration origin,,,,,Kaduna,,NGKD18,6.2
2021,,Male,,Ethnic or immigration origin,,,,,Kano,,NGKN19,15.2
2021,,Male,,Ethnic or immigration origin,,,,,Katsina,,NGKT20,13.6
2021,,Male,,Ethnic or immigration origin,,,,,Kebbi,,NGKE21,37.0
2021,,Male,,Ethnic or immigration origin,,,,,Kogi,,NGKO22,3.7
2021,,Male,,Ethnic or immigration origin,,,,,Kwara,,NGKW23,3.6
2021,,Male,,Ethnic or immigration origin,,,,,Lagos,,NGLA24,1.2
2021,,Male,,Ethnic or immigration origin,,,,,Nasarawa,,NGNA25,31.5
2021,,Male,,Ethnic or immigration origin,,,,,Niger,,NGNI26,12.0
2021,,Male,,Ethnic or immigration origin,,,,,Ogun,,NGOG27,9.5
2021,,Male,,Ethnic or immigration origin,,,,,Ondo,,NGON28,3.1
2021,,Male,,Ethnic or immigration origin,,,,,Osun,,NGOS29,0.7
2021,,Male,,Ethnic or immigration origin,,,,,Oyo,,NGOY30,1.5
2021,,Male,,Ethnic or immigration origin,,,,,Plateau,,NGPL31,32.0
2021,,Male,,Ethnic or immigration origin,,,,,Rivers,,NGRI32,28.5
2021,,Male,,Ethnic or immigration origin,,,,,Sokoto,,NGSO33,0.3
2021,,Male,,Ethnic or immigration origin,,,,,Taraba,,NGTA34,18.6
2021,,Male,,Ethnic or immigration origin,,,,,Yobe,,NGYO35,25.4
2021,,Male,,Ethnic or immigration origin,,,,,Zamfara,,NGZA36,14.3
2021,,Male,,Ethnic or immigration origin,,,,,Federal Capital Territory,,NGFC37,40.1
2021,,Male,,Gender,,,,,,,NG,4.9
2021,,Male,Urban,Gender,,,,,,,NG,4.5
2021,,Male,Rural,Gender,,,,,,,NG,5.3
2021,,Male,,Gender,,,,,,15-19,NG,4.4
2021,,Male,,Gender,,,,,,15-17,NG,4.1
2021,,Male,,Gender,,,,,,18-19,NG,4.9
2021,,Male,,Gender,,,,,,20-24,NG,4.9
2021,,Male,,Gender,,,,,,25-29,NG,6.1
2021,,Male,,Gender,,,,,,30-34,NG,4.6
2021,,Male,,Gender,,,,,,35-39,NG,5.1
2021,,Male,,Gender,,,,,,40-44,NG,5.8
2021,,Male,,Gender,,,,,,45-49,NG,4.1
2021,,Male,,Gender,None,,,,,,NG,6.4
2021,,Male,,Gender,Primary,,,,,,NG,5.4
2021,,Male,,Gender,Junior secondary,,,,,,NG,3.7
2021,,Male,,Gender,Senior secondary,,,,,,NG,3.8
2021,,Male,,Gender,Higher/tertiary,,,,,,NG,6.5
2021,,Male,,Gender,,Hausa,,,,,NG,6.8
2021,,Male,,Gender,,Igbo,,,,,NG,3.1
2021,,Male,,Gender,,Yoruba,,,,,NG,1.4
2021,,Male,,Gender,,Fulani,,,,,NG,6.7
2021,,Male,,Gender,,Kanuri,,,,,NG,11.9
2021,,Male,,Gender,,Ijaw,,,,,NG,10.9
2021,,Male,,Gender,,Tiv,,,,,NG,1.8
2021,,Male,,Gender,,Ibibio,,,,,NG,4.2
2021,,Male,,Gender,,Edo,,,,,NG,2.7
2021,,Male,,Gender,,Other ethnicity,,,,,NG,5.4
2021,,Male,,Gender,,,Poorest,,,,NG,6.0
2021,,Male,,Gender,,,Second,,,,NG,5.4
2021,,Male,,Gender,,,Middle,,,,NG,4.6
2021,,Male,,Gender,,,Fourth,,,,NG,3.8
2021,,Male,,Gender,,,Richest,,,,NG,5.2
2021,,Male,,Gender,,,,North  Central,,,NGNCZ06,4.4
2021,,Male,,Gender,,,,North East,,,NGNEZ05,6.5
2021,,Male,,Gender,,,,North West,,,NGNWZ04,6.9
2021,,Male,,Gender,,,,South East,,,NGSEZ03,3.5
2021,,Male,,Gender,,,,South South,,,NGSSZ02,7.0
2021,,Male,,Gender,,,,South West,,,NGSWZ01,0.9
2021,,Male,,Gender,,,,,Abia,,NGAB01,2.7
2021,,Male,,Gender,,,,,Adamawa,,NGAD02,4.1
2021,,Male,,Gender,,,,,Akwa Ibom,,NGAK03,3.8
2021,,Male,,Gender,,,,,Anambra,,NGAN04,0.1
2021,,Male,,Gender,,,,,Bauchi,,NGBA05,8.1
2021,,Male,,Gender,,,,,Bayelsa,,NGBY06,7.2
2021,,Male,,Gender,,,,,Benue,,NGBE07,1.2
2021,,Male,,Gender,,,,,Borno,,NGBO08,2.8
2021,,Male,,Gender,,,,,Cross River,,NGXR09,2.3
2021,,Male,,Gender,,,,,Delta,,NGDE10,6.1
2021,,Male,,Gender,,,,,Ebonyi,,NGEB11,17.1
2021,,Male,,Gender,,,,,Edo,,NGED12,3.8
2021,,Male,,Gender,,,,,Ekiti,,NGEK13,0.6
2021,,Male,,Gender,,,,,Enugu,,NGEN14,1.6
2021,,Male,,Gender,,,,,Gombe,,NGGO15,3.6
2021,,Male,,Gender,,,,,Imo,,NGIM16,0.2
2021,,Male,,Gender,,,,,Jigawa,,NGJI17,13.2
2021,,Male,,Gender,,,,,Kaduna,,NGKD18,1.7
2021,,Male,,Gender,,,,,Kano,,NGKN19,8.6
2021,,Male,,Gender,,,,,Katsina,,NGKT20,1.2
2021,,Male,,Gender,,,,,Kebbi,,NGKE21,24.0
2021,,Male,,Gender,,,,,Kogi,,NGKO22,6.3
2021,,Male,,Gender,,,,,Kwara,,NGKW23,5.2
2021,,Male,,Gender,,,,,Lagos,,NGLA24,0.0
2021,,Male,,Gender,,,,,Nasarawa,,NGNA25,1.3
2021,,Male,,Gender,,,,,Niger,,NGNI26,1.6
2021,,Male,,Gender,,,,,Ogun,,NGOG27,1.5
2021,,Male,,Gender,,,,,Ondo,,NGON28,0.3
2021,,Male,,Gender,,,,,Osun,,NGOS29,0.3
2021,,Male,,Gender,,,,,Oyo,,NGOY30,3.1
2021,,Male,,Gender,,,,,Plateau,,NGPL31,9.3
2021,,Male,,Gender,,,,,Rivers,,NGRI32,13.9
2021,,Male,,Gender,,,,,Sokoto,,NGSO33,0.6
2021,,Male,,Gender,,,,,Taraba,,NGTA34,5.0
2021,,Male,,Gender,,,,,Yobe,,NGYO35,18.1
2021,,Male,,Gender,,,,,Zamfara,,NGZA36,4.7
2021,,Male,,Gender,,,,,Federal Capital Territory,,NGFC37,7.9
2021,,Male,,Sexual orientation,,,,,,,NG,2.5
2021,,Male,Urban,Sexual orientation,,,,,,,NG,1.8
2021,,Male,Rural,Sexual orientation,,,,,,,NG,3.0
2021,,Male,,Sexual orientation,,,,,,15-19,NG,2.6
2021,,Male,,Sexual orientation,,,,,,15-17,NG,2.5
2021,,Male,,Sexual orientation,,,,,,18-19,NG,2.8
2021,,Male,,Sexual orientation,,,,,,20-24,NG,2.4
2021,,Male,,Sexual orientation,,,,,,25-29,NG,4.0
2021,,Male,,Sexual orientation,,,,,,30-34,NG,2.3
2021,,Male,,Sexual orientation,,,,,,35-39,NG,2.1
2021,,Male,,Sexual orientation,,,,,,40-44,NG,1.9
2021,,Male,,Sexual orientation,,,,,,45-49,NG,1.8
2021,,Male,,Sexual orientation,None,,,,,,NG,4.2
2021,,Male,,Sexual orientation,Primary,,,,,,NG,2.7
2021,,Male,,Sexual orientation,Junior secondary,,,,,,NG,2.0
2021,,Male,,Sexual orientation,Senior secondary,,,,,,NG,2.1
2021,,Male,,Sexual orientation,Higher/tertiary,,,,,,NG,2.1
2021,,Male,,Sexual orientation,,Hausa,,,,,NG,3.2
2021,,Male,,Sexual orientation,,Igbo,,,,,NG,0.8
2021,,Male,,Sexual orientation,,Yoruba,,,,,NG,1.2
2021,,Male,,Sexual orientation,,Fulani,,,,,NG,4.9
2021,,Male,,Sexual orientation,,Kanuri,,,,,NG,3.3
2021,,Male,,Sexual orientation,,Ijaw,,,,,NG,3.4
2021,,Male,,Sexual orientation,,Tiv,,,,,NG,0.9
2021,,Male,,Sexual orientation,,Ibibio,,,,,NG,1.5
2021,,Male,,Sexual orientation,,Edo,,,,,NG,0.6
2021,,Male,,Sexual orientation,,Other ethnicity,,,,,NG,3.2
2021,,Male,,Sexual orientation,,,Poorest,,,,NG,4.3
2021,,Male,,Sexual orientation,,,Second,,,,NG,2.9
2021,,Male,,Sexual orientation,,,Middle,,,,NG,3.1
2021,,Male,,Sexual orientation,,,Fourth,,,,NG,1.6
2021,,Male,,Sexual orientation,,,Richest,,,,NG,1.1
2021,,Male,,Sexual orientation,,,,North  Central,,,NGNCZ06,2.0
2021,,Male,,Sexual orientation,,,,North East,,,NGNEZ05,4.8
2021,,Male,,Sexual orientation,,,,North West,,,NGNWZ04,3.8
2021,,Male,,Sexual orientation,,,,South East,,,NGSEZ03,0.9
2021,,Male,,Sexual orientation,,,,South South,,,NGSSZ02,2.4
2021,,Male,,Sexual orientation,,,,South West,,,NGSWZ01,0.6
2021,,Male,,Sexual orientation,,,,,Abia,,NGAB01,1.3
2021,,Male,,Sexual orientation,,,,,Adamawa,,NGAD02,15.2
2021,,Male,,Sexual orientation,,,,,Akwa Ibom,,NGAK03,1.8
2021,,Male,,Sexual orientation,,,,,Anambra,,NGAN04,0.0
2021,,Male,,Sexual orientation,,,,,Bauchi,,NGBA05,2.0
2021,,Male,,Sexual orientation,,,,,Bayelsa,,NGBY06,12.6
2021,,Male,,Sexual orientation,,,,,Benue,,NGBE07,0.2
2021,,Male,,Sexual orientation,,,,,Borno,,NGBO08,5.4
2021,,Male,,Sexual orientation,,,,,Cross River,,NGXR09,3.2
2021,,Male,,Sexual orientation,,,,,Delta,,NGDE10,0.8
2021,,Male,,Sexual orientation,,,,,Ebonyi,,NGEB11,3.9
2021,,Male,,Sexual orientation,,,,,Edo,,NGED12,0.5
2021,,Male,,Sexual orientation,,,,,Ekiti,,NGEK13,0.2
2021,,Male,,Sexual orientation,,,,,Enugu,,NGEN14,0.0
2021,,Male,,Sexual orientation,,,,,Gombe,,NGGO15,1.9
2021,,Male,,Sexual orientation,,,,,Imo,,NGIM16,0.3
2021,,Male,,Sexual orientation,,,,,Jigawa,,NGJI17,0.6
2021,,Male,,Sexual orientation,,,,,Kaduna,,NGKD18,0.5
2021,,Male,,Sexual orientation,,,,,Kano,,NGKN19,0.1
2021,,Male,,Sexual orientation,,,,,Katsina,,NGKT20,1.6
2021,,Male,,Sexual orientation,,,,,Kebbi,,NGKE21,32.9
2021,,Male,,Sexual orientation,,,,,Kogi,,NGKO22,2.3
2021,,Male,,Sexual orientation,,,,,Kwara,,NGKW23,4.3
2021,,Male,,Sexual orientation,,,,,Lagos,,NGLA24,0.0
2021,,Male,,Sexual orientation,,,,,Nasarawa,,NGNA25,1.3
2021,,Male,,Sexual orientation,,,,,Niger,,NGNI26,1.5
2021,,Male,,Sexual orientation,,,,,Ogun,,NGOG27,1.7
2021,,Male,,Sexual orientation,,,,,Ondo,,NGON28,0.4
2021,,Male,,Sexual orientation,,,,,Osun,,NGOS29,0.0
2021,,Male,,Sexual orientation,,,,,Oyo,,NGOY30,1.7
2021,,Male,,Sexual orientation,,,,,Plateau,,NGPL31,1.9
2021,,Male,,Sexual orientation,,,,,Rivers,,NGRI32,0.7
2021,,Male,,Sexual orientation,,,,,Sokoto,,NGSO33,1.1
2021,,Male,,Sexual orientation,,,,,Taraba,,NGTA34,1.7
2021,,Male,,Sexual orientation,,,,,Yobe,,NGYO35,0.1
2021,,Male,,Sexual orientation,,,,,Zamfara,,NGZA36,1.8
2021,,Male,,Sexual orientation,,,,,Federal Capital Territory,,NGFC37,3.5
2021,,Male,,Age,,,,,,,NG,11.0
2021,,Male,Urban,Age,,,,,,,NG,9.8
2021,,Male,Rural,Age,,,,,,,NG,12.1
2021,,Male,,Age,,,,,,15-19,NG,15.0
2021,,Male,,Age,,,,,,15-17,NG,15.8
2021,,Male,,Age,,,,,,18-19,NG,13.8
2021,,Male,,Age,,,,,,20-24,NG,12.9
2021,,Male,,Age,,,,,,25-29,NG,11.2
2021,,Male,,Age,,,,,,30-34,NG,10.0
2021,,Male,,Age,,,,,,35-39,NG,8.4
2021,,Male,,Age,,,,,,40-44,NG,8.1
2021,,Male,,Age,,,,,,45-49,NG,5.7
2021,,Male,,Age,None,,,,,,NG,12.1
2021,,Male,,Age,Primary,,,,,,NG,10.4
2021,,Male,,Age,Junior secondary,,,,,,NG,14.8
2021,,Male,,Age,Senior secondary,,,,,,NG,10.6
2021,,Male,,Age,Higher/tertiary,,,,,,NG,9.9
2021,,Male,,Age,,Hausa,,,,,NG,15.3
2021,,Male,,Age,,Igbo,,,,,NG,12.5
2021,,Male,,Age,,Yoruba,,,,,NG,2.9
2021,,Male,,Age,,Fulani,,,,,NG,13.2
2021,,Male,,Age,,Kanuri,,,,,NG,23.7
2021,,Male,,Age,,Ijaw,,,,,NG,12.7
2021,,Male,,Age,,Tiv,,,,,NG,5.5
2021,,Male,,Age,,Ibibio,,,,,NG,7.0
2021,,Male,,Age,,Edo,,,,,NG,5.7
2021,,Male,,Age,,Other ethnicity,,,,,NG,10.6
2021,,Male,,Age,,,Poorest,,,,NG,12.9
2021,,Male,,Age,,,Second,,,,NG,11.9
2021,,Male,,Age,,,Middle,,,,NG,11.3
2021,,Male,,Age,,,Fourth,,,,NG,10.6
2021,,Male,,Age,,,Richest,,,,NG,9.1
2021,,Male,,Age,,,,North  Central,,,NGNCZ06,11.3
2021,,Male,,Age,,,,North East,,,NGNEZ05,14.4
2021,,Male,,Age,,,,North West,,,NGNWZ04,15.0
2021,,Male,,Age,,,,South East,,,NGSEZ03,14.3
2021,,Male,,Age,,,,South South,,,NGSSZ02,10.3
2021,,Male,,Age,,,,South West,,,NGSWZ01,2.0
2021,,Male,,Age,,,,,Abia,,NGAB01,27.3
2021,,Male,,Age,,,,,Adamawa,,NGAD02,2.0
2021,,Male,,Age,,,,,Akwa Ibom,,NGAK03,5.7
2021,,Male,,Age,,,,,Anambra,,NGAN04,8.1
2021,,Male,,Age,,,,,Bauchi,,NGBA05,26.1
2021,,Male,,Age,,,,,Bayelsa,,NGBY06,21.0
2021,,Male,,Age,,,,,Benue,,NGBE07,4.7
2021,,Male,,Age,,,,,Borno,,NGBO08,8.6
2021,,Male,,Age,,,,,Cross River,,NGXR09,3.3
2021,,Male,,Age,,,,,Delta,,NGDE10,13.9
2021,,Male,,Age,,,,,Ebonyi,,NGEB11,24.6
2021,,Male,,Age,,,,,Edo,,NGED12,6.1
2021,,Male,,Age,,,,,Ekiti,,NGEK13,2.7
2021,,Male,,Age,,,,,Enugu,,NGEN14,16.4
2021,,Male,,Age,,,,,Gombe,,NGGO15,4.9
2021,,Male,,Age,,,,,Imo,,NGIM16,1.9
2021,,Male,,Age,,,,,Jigawa,,NGJI17,13.8
2021,,Male,,Age,,,,,Kaduna,,NGKD18,24.5
2021,,Male,,Age,,,,,Kano,,NGKN19,11.4
2021,,Male,,Age,,,,,Katsina,,NGKT20,12.8
2021,,Male,,Age,,,,,Kebbi,,NGKE21,36.8
2021,,Male,,Age,,,,,Kogi,,NGKO22,4.6
2021,,Male,,Age,,,,,Kwara,,NGKW23,5.4
2021,,Male,,Age,,,,,Lagos,,NGLA24,1.1
2021,,Male,,Age,,,,,Nasarawa,,NGNA25,14.0
2021,,Male,,Age,,,,,Niger,,NGNI26,6.1
2021,,Male,,Age,,,,,Ogun,,NGOG27,1.0
2021,,Male,,Age,,,,,Ondo,,NGON28,3.6
2021,,Male,,Age,,,,,Osun,,NGOS29,1.9
2021,,Male,,Age,,,,,Oyo,,NGOY30,3.1
2021,,Male,,Age,,,,,Plateau,,NGPL31,31.9
2021,,Male,,Age,,,,,Rivers,,NGRI32,13.7
2021,,Male,,Age,,,,,Sokoto,,NGSO33,0.4
2021,,Male,,Age,,,,,Taraba,,NGTA34,9.1
2021,,Male,,Age,,,,,Yobe,,NGYO35,35.2
2021,,Male,,Age,,,,,Zamfara,,NGZA36,8.4
2021,,Male,,Age,,,,,Federal Capital Territory,,NGFC37,15.2
2021,,Male,,Religion or belief,,,,,,,NG,9.9
2021,,Male,Urban,Religion or belief,,,,,,,NG,7.7
2021,,Male,Rural,Religion or belief,,,,,,,NG,11.7
2021,,Male,,Religion or belief,,,,,,15-19,NG,9.3
2021,,Male,,Religion or belief,,,,,,15-17,NG,9.2
2021,,Male,,Religion or belief,,,,,,18-19,NG,9.4
2021,,Male,,Religion or belief,,,,,,20-24,NG,10.3
2021,,Male,,Religion or belief,,,,,,25-29,NG,10.8
2021,,Male,,Religion or belief,,,,,,30-34,NG,10.1
2021,,Male,,Religion or belief,,,,,,35-39,NG,8.8
2021,,Male,,Religion or belief,,,,,,40-44,NG,10.8
2021,,Male,,Religion or belief,,,,,,45-49,NG,9.6
2021,,Male,,Religion or belief,None,,,,,,NG,14.0
2021,,Male,,Religion or belief,Primary,,,,,,NG,11.0
2021,,Male,,Religion or belief,Junior secondary,,,,,,NG,9.6
2021,,Male,,Religion or belief,Senior secondary,,,,,,NG,8.0
2021,,Male,,Religion or belief,Higher/tertiary,,,,,,NG,10.2
2021,,Male,,Religion or belief,,Hausa,,,,,NG,13.9
2021,,Male,,Religion or belief,,Igbo,,,,,NG,3.9
2021,,Male,,Religion or belief,,Yoruba,,,,,NG,2.7
2021,,Male,,Religion or belief,,Fulani,,,,,NG,14.3
2021,,Male,,Religion or belief,,Kanuri,,,,,NG,12.4
2021,,Male,,Religion or belief,,Ijaw,,,,,NG,4.5
2021,,Male,,Religion or belief,,Tiv,,,,,NG,4.4
2021,,Male,,Religion or belief,,Ibibio,,,,,NG,11.4
2021,,Male,,Religion or belief,,Edo,,,,,NG,5.9
2021,,Male,,Religion or belief,,Other ethnicity,,,,,NG,13.4
2021,,Male,,Religion or belief,,,Poorest,,,,NG,14.2
2021,,Male,,Religion or belief,,,Second,,,,NG,11.2
2021,,Male,,Religion or belief,,,Middle,,,,NG,9.7
2021,,Male,,Religion or belief,,,Fourth,,,,NG,8.4
2021,,Male,,Religion or belief,,,Richest,,,,NG,7.0
2021,,Male,,Religion or belief,,,,North  Central,,,NGNCZ06,15.0
2021,,Male,,Religion or belief,,,,North East,,,NGNEZ05,15.3
2021,,Male,,Religion or belief,,,,North West,,,NGNWZ04,13.9
2021,,Male,,Religion or belief,,,,South East,,,NGSEZ03,2.5
2021,,Male,,Religion or belief,,,,South South,,,NGSSZ02,8.7
2021,,Male,,Religion or belief,,,,South West,,,NGSWZ01,1.9
2021,,Male,,Religion or belief,,,,,Abia,,NGAB01,1.0
2021,,Male,,Religion or belief,,,,,Adamawa,,NGAD02,2.0
2021,,Male,,Religion or belief,,,,,Akwa Ibom,,NGAK03,9.6
2021,,Male,,Religion or belief,,,,,Anambra,,NGAN04,2.3
2021,,Male,,Religion or belief,,,,,Bauchi,,NGBA05,14.9
2021,,Male,,Religion or belief,,,,,Bayelsa,,NGBY06,10.1
2021,,Male,,Religion or belief,,,,,Benue,,NGBE07,0.3
2021,,Male,,Religion or belief,,,,,Borno,,NGBO08,14.8
2021,,Male,,Religion or belief,,,,,Cross River,,NGXR09,5.8
2021,,Male,,Religion or belief,,,,,Delta,,NGDE10,16.5
2021,,Male,,Religion or belief,,,,,Ebonyi,,NGEB11,8.8
2021,,Male,,Religion or belief,,,,,Edo,,NGED12,7.0
2021,,Male,,Religion or belief,,,,,Ekiti,,NGEK13,1.7
2021,,Male,,Religion or belief,,,,,Enugu,,NGEN14,2.3
2021,,Male,,Religion or belief,,,,,Gombe,,NGGO15,31.4
2021,,Male,,Religion or belief,,,,,Imo,,NGIM16,0.0
2021,,Male,,Religion or belief,,,,,Jigawa,,NGJI17,17.7
2021,,Male,,Religion or belief,,,,,Kaduna,,NGKD18,12.8
2021,,Male,,Religion or belief,,,,,Kano,,NGKN19,10.7
2021,,Male,,Religion or belief,,,,,Katsina,,NGKT20,15.0
2021,,Male,,Religion or belief,,,,,Kebbi,,NGKE21,34.3
2021,,Male,,Religion or belief,,,,,Kogi,,NGKO22,3.1
2021,,Male,,Religion or belief,,,,,Kwara,,NGKW23,4.4
2021,,Male,,Religion or belief,,,,,Lagos,,NGLA24,1.0
2021,,Male,,Religion or belief,,,,,Nasarawa,,NGNA25,21.1
2021,,Male,,Religion or belief,,,,,Niger,,NGNI26,7.9
2021,,Male,,Religion or belief,,,,,Ogun,,NGOG27,3.5
2021,,Male,,Religion or belief,,,,,Ondo,,NGON28,2.6
2021,,Male,,Religion or belief,,,,,Osun,,NGOS29,0.9
2021,,Male,,Religion or belief,,,,,Oyo,,NGOY30,2.9
2021,,Male,,Religion or belief,,,,,Plateau,,NGPL31,45.8
2021,,Male,,Religion or belief,,,,,Rivers,,NGRI32,5.7
2021,,Male,,Religion or belief,,,,,Sokoto,,NGSO33,0.9
2021,,Male,,Religion or belief,,,,,Taraba,,NGTA34,16.9
2021,,Male,,Religion or belief,,,,,Yobe,,NGYO35,17.0
2021,,Male,,Religion or belief,,,,,Zamfara,,NGZA36,14.9
2021,,Male,,Religion or belief,,,,,Federal Capital Territory,,NGFC37,31.0
2021,,Male,,Disability,,,,,,,NG,2.4
2021,,Male,Urban,Disability,,,,,,,NG,2.1
2021,,Male,Rural,Disability,,,,,,,NG,2.7
2021,,Male,,Disability,,,,,,15-19,NG,2.1
2021,,Male,,Disability,,,,,,15-17,NG,1.9
2021,,Male,,Disability,,,,,,18-19,NG,2.5
2021,,Male,,Disability,,,,,,20-24,NG,2.1
2021,,Male,,Disability,,,,,,25-29,NG,3.0
2021,,Male,,Disability,,,,,,30-34,NG,2.2
2021,,Male,,Disability,,,,,,35-39,NG,3.6
2021,,Male,,Disability,,,,,,40-44,NG,1.9
2021,,Male,,Disability,,,,,,45-49,NG,2.5
2021,,Male,,Disability,None,,,,,,NG,4.3
2021,,Male,,Disability,Primary,,,,,,NG,3.1
2021,,Male,,Disability,Junior secondary,,,,,,NG,1.8
2021,,Male,,Disability,Senior secondary,,,,,,NG,1.8
2021,,Male,,Disability,Higher/tertiary,,,,,,NG,2.3
2021,,Male,,Disability,,Hausa,,,,,NG,3.8
2021,,Male,,Disability,,Igbo,,,,,NG,2.3
2021,,Male,,Disability,,Yoruba,,,,,NG,1.3
2021,,Male,,Disability,,Fulani,,,,,NG,3.3
2021,,Male,,Disability,,Kanuri,,,,,NG,0.5
2021,,Male,,Disability,,Ijaw,,,,,NG,2.9
2021,,Male,,Disability,,Tiv,,,,,NG,0.4
2021,,Male,,Disability,,Ibibio,,,,,NG,1.8
2021,,Male,,Disability,,Edo,,,,,NG,1.9
2021,,Male,,Disability,,Other ethnicity,,,,,NG,2.0
2021,,Male,,Disability,,,Poorest,,,,NG,3.6
2021,,Male,,Disability,,,Second,,,,NG,2.8
2021,,Male,,Disability,,,Middle,,,,NG,2.2
2021,,Male,,Disability,,,Fourth,,,,NG,1.8
2021,,Male,,Disability,,,Richest,,,,NG,2.1
2021,,Male,,Disability,,,,North  Central,,,NGNCZ06,1.7
2021,,Male,,Disability,,,,North East,,,NGNEZ05,1.3
2021,,Male,,Disability,,,,North West,,,NGNWZ04,4.5
2021,,Male,,Disability,,,,South East,,,NGSEZ03,2.8
2021,,Male,,Disability,,,,South South,,,NGSSZ02,2.6
2021,,Male,,Disability,,,,South West,,,NGSWZ01,0.8
2021,,Male,,Disability,,,,,Abia,,NGAB01,2.0
2021,,Male,,Disability,,,,,Adamawa,,NGAD02,1.3
2021,,Male,,Disability,,,,,Akwa Ibom,,NGAK03,1.8
2021,,Male,,Disability,,,,,Anambra,,NGAN04,0.1
2021,,Male,,Disability,,,,,Bauchi,,NGBA05,1.8
2021,,Male,,Disability,,,,,Bayelsa,,NGBY06,6.9
2021,,Male,,Disability,,,,,Benue,,NGBE07,0.1
2021,,Male,,Disability,,,,,Borno,,NGBO08,0.5
2021,,Male,,Disability,,,,,Cross River,,NGXR09,1.1
2021,,Male,,Disability,,,,,Delta,,NGDE10,1.2
2021,,Male,,Disability,,,,,Ebonyi,,NGEB11,7.9
2021,,Male,,Disability,,,,,Edo,,NGED12,1.8
2021,,Male,,Disability,,,,,Ekiti,,NGEK13,1.6
2021,,Male,,Disability,,,,,Enugu,,NGEN14,0.9
2021,,Male,,Disability,,,,,Gombe,,NGGO15,2.6
2021,,Male,,Disability,,,,,Imo,,NGIM16,4.1
2021,,Male,,Disability,,,,,Jigawa,,NGJI17,2.1
2021,,Male,,Disability,,,,,Kaduna,,NGKD18,0.2
2021,,Male,,Disability,,,,,Kano,,NGKN19,0.9
2021,,Male,,Disability,,,,,Katsina,,NGKT20,3.5
2021,,Male,,Disability,,,,,Kebbi,,NGKE21,27.7
2021,,Male,,Disability,,,,,Kogi,,NGKO22,3.6
2021,,Male,,Disability,,,,,Kwara,,NGKW23,3.7
2021,,Male,,Disability,,,,,Lagos,,NGLA24,0.2
2021,,Male,,Disability,,,,,Nasarawa,,NGNA25,1.0
2021,,Male,,Disability,,,,,Niger,,NGNI26,0.3
2021,,Male,,Disability,,,,,Ogun,,NGOG27,0.9
2021,,Male,,Disability,,,,,Ondo,,NGON28,1.6
2021,,Male,,Disability,,,,,Osun,,NGOS29,1.8
2021,,Male,,Disability,,,,,Oyo,,NGOY30,0.4
2021,,Male,,Disability,,,,,Plateau,,NGPL31,2.1
2021,,Male,,Disability,,,,,Rivers,,NGRI32,3.8
2021,,Male,,Disability,,,,,Sokoto,,NGSO33,1.0
2021,,Male,,Disability,,,,,Taraba,,NGTA34,0.3
2021,,Male,,Disability,,,,,Yobe,,NGYO35,0.9
2021,,Male,,Disability,,,,,Zamfara,,NGZA36,7.9
2021,,Male,,Disability,,,,,Federal Capital Territory,,NGFC37,2.9
2021,,Male,,Other reason,,,,,,,NG,6.5
2021,,Male,Urban,Other reason,,,,,,,NG,5.1
2021,,Male,Rural,Other reason,,,,,,,NG,7.7
2021,,Male,,Other reason,,,,,,15-19,NG,6.4
2021,,Male,,Other reason,,,,,,15-17,NG,6.2
2021,,Male,,Other reason,,,,,,18-19,NG,6.7
2021,,Male,,Other reason,,,,,,20-24,NG,5.9
2021,,Male,,Other reason,,,,,,25-29,NG,8.1
2021,,Male,,Other reason,,,,,,30-34,NG,7.7
2021,,Male,,Other reason,,,,,,35-39,NG,5.9
2021,,Male,,Other reason,,,,,,40-44,NG,6.7
2021,,Male,,Other reason,,,,,,45-49,NG,5.1
2021,,Male,,Other reason,None,,,,,,NG,10.0
2021,,Male,,Other reason,Primary,,,,,,NG,6.6
2021,,Male,,Other reason,Junior secondary,,,,,,NG,5.3
2021,,Male,,Other reason,Senior secondary,,,,,,NG,5.5
2021,,Male,,Other reason,Higher/tertiary,,,,,,NG,6.4
2021,,Male,,Other reason,,Hausa,,,,,NG,6.5
2021,,Male,,Other reason,,Igbo,,,,,NG,2.4
2021,,Male,,Other reason,,Yoruba,,,,,NG,2.3
2021,,Male,,Other reason,,Fulani,,,,,NG,9.2
2021,,Male,,Other reason,,Kanuri,,,,,NG,31.1
2021,,Male,,Other reason,,Ijaw,,,,,NG,6.6
2021,,Male,,Other reason,,Tiv,,,,,NG,0.8
2021,,Male,,Other reason,,Ibibio,,,,,NG,13.5
2021,,Male,,Other reason,,Edo,,,,,NG,1.5
2021,,Male,,Other reason,,Other ethnicity,,,,,NG,8.9
2021,,Male,,Other reason,,,Poorest,,,,NG,8.9
2021,,Male,,Other reason,,,Second,,,,NG,6.3
2021,,Male,,Other reason,,,Middle,,,,NG,7.5
2021,,Male,,Other reason,,,Fourth,,,,NG,6.0
2021,,Male,,Other reason,,,Richest,,,,NG,4.5
2021,,Male,,Other reason,,,,North  Central,,,NGNCZ06,8.6
2021,,Male,,Other reason,,,,North East,,,NGNEZ05,12.0
2021,,Male,,Other reason,,,,North West,,,NGNWZ04,7.1
2021,,Male,,Other reason,,,,South East,,,NGSEZ03,2.6
2021,,Male,,Other reason,,,,South South,,,NGSSZ02,7.9
2021,,Male,,Other reason,,,,South West,,,NGSWZ01,1.5
2021,,Male,,Other reason,,,,,Abia,,NGAB01,0.7
2021,,Male,,Other reason,,,,,Adamawa,,NGAD02,1.3
2021,,Male,,Other reason,,,,,Akwa Ibom,,NGAK03,22.3
2021,,Male,,Other reason,,,,,Anambra,,NGAN04,5.6
2021,,Male,,Other reason,,,,,Bauchi,,NGBA05,0.9
2021,,Male,,Other reason,,,,,Bayelsa,,NGBY06,13.2
2021,,Male,,Other reason,,,,,Benue,,NGBE07,0.0
2021,,Male,,Other reason,,,,,Borno,,NGBO08,41.3
2021,,Male,,Other reason,,,,,Cross River,,NGXR09,0.7
2021,,Male,,Other reason,,,,,Delta,,NGDE10,0.4
2021,,Male,,Other reason,,,,,Ebonyi,,NGEB11,6.2
2021,,Male,,Other reason,,,,,Edo,,NGED12,2.0
2021,,Male,,Other reason,,,,,Ekiti,,NGEK13,1.5
2021,,Male,,Other reason,,,,,Enugu,,NGEN14,0.0
2021,,Male,,Other reason,,,,,Gombe,,NGGO15,2.1
2021,,Male,,Other reason,,,,,Imo,,NGIM16,0.5
2021,,Male,,Other reason,,,,,Jigawa,,NGJI17,9.5
2021,,Male,,Other reason,,,,,Kaduna,,NGKD18,1.2
2021,,Male,,Other reason,,,,,Kano,,NGKN19,3.3
2021,,Male,,Other reason,,,,,Katsina,,NGKT20,15.9
2021,,Male,,Other reason,,,,,Kebbi,,NGKE21,25.4
2021,,Male,,Other reason,,,,,Kogi,,NGKO22,1.0
2021,,Male,,Other reason,,,,,Kwara,,NGKW23,1.5
2021,,Male,,Other reason,,,,,Lagos,,NGLA24,0.6
2021,,Male,,Other reason,,,,,Nasarawa,,NGNA25,0.7
2021,,Male,,Other reason,,,,,Niger,,NGNI26,4.0
2021,,Male,,Other reason,,,,,Ogun,,NGOG27,1.2
2021,,Male,,Other reason,,,,,Ondo,,NGON28,5.4
2021,,Male,,Other reason,,,,,Osun,,NGOS29,2.0
2021,,Male,,Other reason,,,,,Oyo,,NGOY30,0.7
2021,,Male,,Other reason,,,,,Plateau,,NGPL31,24.1
2021,,Male,,Other reason,,,,,Rivers,,NGRI32,10.3
2021,,Male,,Other reason,,,,,Sokoto,,NGSO33,0.3
2021,,Male,,Other reason,,,,,Taraba,,NGTA34,1.2
2021,,Male,,Other reason,,,,,Yobe,,NGYO35,28.0
2021,,Male,,Other reason,,,,,Zamfara,,NGZA36,1.4
2021,,Male,,Other reason,,,,,Federal Capital Territory,,NGFC37,32.6
2021,,Male,,Any reason,,,,,,,NG,27.7
2021,,Male,Urban,Any reason,,,,,,,NG,23.9
2021,,Male,Rural,Any reason,,,,,,,NG,30.9
2021,,Male,,Any reason,,,,,,15-19,NG,29.2
2021,,Male,,Any reason,,,,,,15-17,NG,29.6
2021,,Male,,Any reason,,,,,,18-19,NG,28.6
2021,,Male,,Any reason,,,,,,20-24,NG,29.1
2021,,Male,,Any reason,,,,,,25-29,NG,30.5
2021,,Male,,Any reason,,,,,,30-34,NG,27.3
2021,,Male,,Any reason,,,,,,35-39,NG,25.2
2021,,Male,,Any reason,,,,,,40-44,NG,24.9
2021,,Male,,Any reason,,,,,,45-49,NG,25.1
2021,,Male,,Any reason,None,,,,,,NG,33.4
2021,,Male,,Any reason,Primary,,,,,,NG,27.4
2021,,Male,,Any reason,Junior secondary,,,,,,NG,30.0
2021,,Male,,Any reason,Senior secondary,,,,,,NG,25.6
2021,,Male,,Any reason,Higher/tertiary,,,,,,NG,27.2
2021,,Male,,Any reason,,Hausa,,,,,NG,32.9
2021,,Male,,Any reason,,Igbo,,,,,NG,22.8
2021,,Male,,Any reason,,Yoruba,,,,,NG,8.1
2021,,Male,,Any reason,,Fulani,,,,,NG,37.4
2021,,Male,,Any reason,,Kanuri,,,,,NG,49.4
2021,,Male,,Any reason,,Ijaw,,,,,NG,31.7
2021,,Male,,Any reason,,Tiv,,,,,NG,14.8
2021,,Male,,Any reason,,Ibibio,,,,,NG,35.9
2021,,Male,,Any reason,,Edo,,,,,NG,14.5
2021,,Male,,Any reason,,Other ethnicity,,,,,NG,34.5
2021,,Male,,Any reason,,,Poorest,,,,NG,31.7
2021,,Male,,Any reason,,,Second,,,,NG,29.8
2021,,Male,,Any reason,,,Middle,,,,NG,29.6
2021,,Male,,Any reason,,,Fourth,,,,NG,27.8
2021,,Male,,Any reason,,,Richest,,,,NG,21.3
2021,,Male,,Any reason,,,,North  Central,,,NGNCZ06,31.3
2021,,Male,,Any reason,,,,North East,,,NGNEZ05,40.2
2021,,Male,,Any reason,,,,North West,,,NGNWZ04,32.4
2021,,Male,,Any reason,,,,South East,,,NGSEZ03,23.8
2021,,Male,,Any reason,,,,South South,,,NGSSZ02,35.3
2021,,Male,,Any reason,,,,South West,,,NGSWZ01,6.5
2021,,Male,,Any reason,,,,,Abia,,NGAB01,31.5
2021,,Male,,Any reason,,,,,Adamawa,,NGAD02,25.3
2021,,Male,,Any reason,,,,,Akwa Ibom,,NGAK03,40.9
2021,,Male,,Any reason,,,,,Anambra,,NGAN04,20.1
2021,,Male,,Any reason,,,,,Bauchi,,NGBA05,36.7
2021,,Male,,Any reason,,,,,Bayelsa,,NGBY06,43.3
2021,,Male,,Any reason,,,,,Benue,,NGBE07,6.5
2021,,Male,,Any reason,,,,,Borno,,NGBO08,50.8
2021,,Male,,Any reason,,,,,Cross River,,NGXR09,13.4
2021,,Male,,Any reason,,,,,Delta,,NGDE10,46.8
2021,,Male,,Any reason,,,,,Ebonyi,,NGEB11,51.0
2021,,Male,,Any reason,,,,,Edo,,NGED12,21.1
2021,,Male,,Any reason,,,,,Ekiti,,NGEK13,7.8
2021,,Male,,Any reason,,,,,Enugu,,NGEN14,19.5
2021,,Male,,Any reason,,,,,Gombe,,NGGO15,45.4
2021,,Male,,Any reason,,,,,Imo,,NGIM16,6.9
2021,,Male,,Any reason,,,,,Jigawa,,NGJI17,42.9
2021,,Male,,Any reason,,,,,Kaduna,,NGKD18,33.9
2021,,Male,,Any reason,,,,,Kano,,NGKN19,29.2
2021,,Male,,Any reason,,,,,Katsina,,NGKT20,34.5
2021,,Male,,Any reason,,,,,Kebbi,,NGKE21,63.8
2021,,Male,,Any reason,,,,,Kogi,,NGKO22,18.4
2021,,Male,,Any reason,,,,,Kwara,,NGKW23,11.7
2021,,Male,,Any reason,,,,,Lagos,,NGLA24,2.7
2021,,Male,,Any reason,,,,,Nasarawa,,NGNA25,46.2
2021,,Male,,Any reason,,,,,Niger,,NGNI26,29.1
2021,,Male,,Any reason,,,,,Ogun,,NGOG27,13.6
2021,,Male,,Any reason,,,,,Ondo,,NGON28,12.1
2021,,Male,,Any reason,,,,,Osun,,NGOS29,6.8
2021,,Male,,Any reason,,,,,Oyo,,NGOY30,4.2
2021,,Male,,Any reason,,,,,Plateau,,NGPL31,60.3
2021,,Male,,Any reason,,,,,Rivers,,NGRI32,43.4
2021,,Male,,Any reason,,,,,Sokoto,,NGSO33,4.2
2021,,Male,,Any reason,,,,,Taraba,,NGTA34,29.1
2021,,Male,,Any reason,,,,,Yobe,,NGYO35,59.6
2021,,Male,,Any reason,,,,,Zamfara,,NGZA36,27.1
2021,,Male,,Any reason,,,,,Federal Capital Territory,,NGFC37,61.8
2021,,Female,,Ethnic or immigration origin,,,,,,,NG,5.9
2021,,Female,Urban,Ethnic or immigration origin,,,,,,,NG,4.3
2021,,Female,Rural,Ethnic or immigration origin,,,,,,,NG,7.2
2021,,Female,,Ethnic or immigration origin,,,,,,15-19,NG,4.9
2021,,Female,,Ethnic or immigration origin,,,,,,15-17,NG,4.4
2021,,Female,,Ethnic or immigration origin,,,,,,18-19,NG,5.7
2021,,Female,,Ethnic or immigration origin,,,,,,20-24,NG,5.4
2021,,Female,,Ethnic or immigration origin,,,,,,25-29,NG,7.3
2021,,Female,,Ethnic or immigration origin,,,,,,30-34,NG,6.6
2021,,Female,,Ethnic or immigration origin,,,,,,35-39,NG,5.7
2021,,Female,,Ethnic or immigration origin,,,,,,40-44,NG,6.0
2021,,Female,,Ethnic or immigration origin,,,,,,45-49,NG,5.6
2021,,Female,,Ethnic or immigration origin,None,,,,,,NG,8.2
2021,,Female,,Ethnic or immigration origin,Primary,,,,,,NG,5.3
2021,,Female,,Ethnic or immigration origin,Junior secondary,,,,,,NG,4.9
2021,,Female,,Ethnic or immigration origin,Senior secondary,,,,,,NG,5.0
2021,,Female,,Ethnic or immigration origin,Higher/tertiary,,,,,,NG,4.7
2021,,Female,,Ethnic or immigration origin,,Hausa,,,,,NG,8.3
2021,,Female,,Ethnic or immigration origin,,Igbo,,,,,NG,5.4
2021,,Female,,Ethnic or immigration origin,,Yoruba,,,,,NG,2.0
2021,,Female,,Ethnic or immigration origin,,Fulani,,,,,NG,6.9
2021,,Female,,Ethnic or immigration origin,,Kanuri,,,,,NG,5.4
2021,,Female,,Ethnic or immigration origin,,Ijaw,,,,,NG,7.5
2021,,Female,,Ethnic or immigration origin,,Tiv,,,,,NG,4.6
2021,,Female,,Ethnic or immigration origin,,Ibibio,,,,,NG,11.0
2021,,Female,,Ethnic or immigration origin,,Edo,,,,,NG,4.3
2021,,Female,,Ethnic or immigration origin,,Other ethnicity,,,,,NG,5.9
2021,,Female,,Ethnic or immigration origin,,,Poorest,,,,NG,7.4
2021,,Female,,Ethnic or immigration origin,,,Second,,,,NG,7.7
2021,,Female,,Ethnic or immigration origin,,,Middle,,,,NG,5.7
2021,,Female,,Ethnic or immigration origin,,,Fourth,,,,NG,5.7
2021,,Female,,Ethnic or immigration origin,,,Richest,,,,NG,3.6
2021,,Female,,Ethnic or immigration origin,,,,North  Central,,,NGNCZ06,5.6
2021,,Female,,Ethnic or immigration origin,,,,North East,,,NGNEZ05,4.3
2021,,Female,,Ethnic or immigration origin,,,,North West,,,NGNWZ04,8.8
2021,,Female,,Ethnic or immigration origin,,,,South East,,,NGSEZ03,4.8
2021,,Female,,Ethnic or immigration origin,,,,South South,,,NGSSZ02,8.3
2021,,Female,,Ethnic or immigration origin,,,,South West,,,NGSWZ01,2.3
2021,,Female,,Ethnic or immigration origin,,,,,Abia,,NGAB01,7.7
2021,,Female,,Ethnic or immigration origin,,,,,Adamawa,,NGAD02,4.4
2021,,Female,,Ethnic or immigration origin,,,,,Akwa Ibom,,NGAK03,8.0
2021,,Female,,Ethnic or immigration origin,,,,,Anambra,,NGAN04,3.8
2021,,Female,,Ethnic or immigration origin,,,,,Bauchi,,NGBA05,4.7
2021,,Female,,Ethnic or immigration origin,,,,,Bayelsa,,NGBY06,11.9
2021,,Female,,Ethnic or immigration origin,,,,,Benue,,NGBE07,4.2
2021,,Female,,Ethnic or immigration origin,,,,,Borno,,NGBO08,3.6
2021,,Female,,Ethnic or immigration origin,,,,,Cross River,,NGXR09,9.9
2021,,Female,,Ethnic or immigration origin,,,,,Delta,,NGDE10,6.7
2021,,Female,,Ethnic or immigration origin,,,,,Ebonyi,,NGEB11,4.7
2021,,Female,,Ethnic or immigration origin,,,,,Edo,,NGED12,6.2
2021,,Female,,Ethnic or immigration origin,,,,,Ekiti,,NGEK13,3.0
2021,,Female,,Ethnic or immigration origin,,,,,Enugu,,NGEN14,7.0
2021,,Female,,Ethnic or immigration origin,,,,,Gombe,,NGGO15,3.0
2021,,Female,,Ethnic or immigration origin,,,,,Imo,,NGIM16,1.8
2021,,Female,,Ethnic or immigration origin,,,,,Jigawa,,NGJI17,6.2
2021,,Female,,Ethnic or immigration origin,,,,,Kaduna,,NGKD18,8.2
2021,,Female,,Ethnic or immigration origin,,,,,Kano,,NGKN19,4.0
2021,,Female,,Ethnic or immigration origin,,,,,Katsina,,NGKT20,7.5
2021,,Female,,Ethnic or immigration origin,,,,,Kebbi,,NGKE21,4.7
2021,,Female,,Ethnic or immigration origin,,,,,Kogi,,NGKO22,2.1
2021,,Female,,Ethnic or immigration origin,,,,,Kwara,,NGKW23,3.3
2021,,Female,,Ethnic or immigration origin,,,,,Lagos,,NGLA24,1.8
2021,,Female,,Ethnic or immigration origin,,,,,Nasarawa,,NGNA25,9.0
2021,,Female,,Ethnic or immigration origin,,,,,Niger,,NGNI26,6.3
2021,,Female,,Ethnic or immigration origin,,,,,Ogun,,NGOG27,3.6
2021,,Female,,Ethnic or immigration origin,,,,,Ondo,,NGON28,0.7
2021,,Female,,Ethnic or immigration origin,,,,,Osun,,NGOS29,1.7
2021,,Female,,Ethnic or immigration origin,,,,,Oyo,,NGOY30,3.1
2021,,Female,,Ethnic or immigration origin,,,,,Plateau,,NGPL31,10.5
2021,,Female,,Ethnic or immigration origin,,,,,Rivers,,NGRI32,9.1
2021,,Female,,Ethnic or immigration origin,,,,,Sokoto,,NGSO33,8.0
2021,,Female,,Ethnic or immigration origin,,,,,Taraba,,NGTA34,3.3
2021,,Female,,Ethnic or immigration origin,,,,,Yobe,,NGYO35,6.6
2021,,Female,,Ethnic or immigration origin,,,,,Zamfara,,NGZA36,33.8
2021,,Female,,Ethnic or immigration origin,,,,,Federal Capital Territory,,NGFC37,4.6
2021,,Female,,Gender,,,,,,,NG,6.0
2021,,Female,Urban,Gender,,,,,,,NG,5.5
2021,,Female,Rural,Gender,,,,,,,NG,6.4
2021,,Female,,Gender,,,,,,15-19,NG,6.7
2021,,Female,,Gender,,,,,,15-17,NG,6.5
2021,,Female,,Gender,,,,,,18-19,NG,7.2
2021,,Female,,Gender,,,,,,20-24,NG,6.1
2021,,Female,,Gender,,,,,,25-29,NG,6.6
2021,,Female,,Gender,,,,,,30-34,NG,6.2
2021,,Female,,Gender,,,,,,35-39,NG,5.2
2021,,Female,,Gender,,,,,,40-44,NG,4.8
2021,,Female,,Gender,,,,,,45-49,NG,5.2
2021,,Female,,Gender,None,,,,,,NG,6.5
2021,,Female,,Gender,Primary,,,,,,NG,5.4
2021,,Female,,Gender,Junior secondary,,,,,,NG,5.4
2021,,Female,,Gender,Senior secondary,,,,,,NG,6.2
2021,,Female,,Gender,Higher/tertiary,,,,,,NG,5.6
2021,,Female,,Gender,,Hausa,,,,,NG,7.1
2021,,Female,,Gender,,Igbo,,,,,NG,6.2
2021,,Female,,Gender,,Yoruba,,,,,NG,2.6
2021,,Female,,Gender,,Fulani,,,,,NG,5.4
2021,,Female,,Gender,,Kanuri,,,,,NG,5.5
2021,,Female,,Gender,,Ijaw,,,,,NG,10.6
2021,,Female,,Gender,,Tiv,,,,,NG,5.2
2021,,Female,,Gender,,Ibibio,,,,,NG,6.8
2021,,Female,,Gender,,Edo,,,,,NG,11.6
2021,,Female,,Gender,,Other ethnicity,,,,,NG,6.6
2021,,Female,,Gender,,,Poorest,,,,NG,5.4
2021,,Female,,Gender,,,Second,,,,NG,6.7
2021,,Female,,Gender,,,Middle,,,,NG,6.5
2021,,Female,,Gender,,,Fourth,,,,NG,6.3
2021,,Female,,Gender,,,Richest,,,,NG,5.1
2021,,Female,,Gender,,,,North  Central,,,NGNCZ06,5.2
2021,,Female,,Gender,,,,North East,,,NGNEZ05,4.9
2021,,Female,,Gender,,,,North West,,,NGNWZ04,7.5
2021,,Female,,Gender,,,,South East,,,NGSEZ03,6.7
2021,,Female,,Gender,,,,South South,,,NGSSZ02,10.3
2021,,Female,,Gender,,,,South West,,,NGSWZ01,2.0
2021,,Female,,Gender,,,,,Abia,,NGAB01,8.8
2021,,Female,,Gender,,,,,Adamawa,,NGAD02,3.7
2021,,Female,,Gender,,,,,Akwa Ibom,,NGAK03,6.0
2021,,Female,,Gender,,,,,Anambra,,NGAN04,4.7
2021,,Female,,Gender,,,,,Bauchi,,NGBA05,4.2
2021,,Female,,Gender,,,,,Bayelsa,,NGBY06,11.1
2021,,Female,,Gender,,,,,Benue,,NGBE07,4.4
2021,,Female,,Gender,,,,,Borno,,NGBO08,7.3
2021,,Female,,Gender,,,,,Cross River,,NGXR09,12.2
2021,,Female,,Gender,,,,,Delta,,NGDE10,6.6
2021,,Female,,Gender,,,,,Ebonyi,,NGEB11,4.4
2021,,Female,,Gender,,,,,Edo,,NGED12,14.1
2021,,Female,,Gender,,,,,Ekiti,,NGEK13,3.4
2021,,Female,,Gender,,,,,Enugu,,NGEN14,11.3
2021,,Female,,Gender,,,,,Gombe,,NGGO15,1.5
2021,,Female,,Gender,,,,,Imo,,NGIM16,4.8
2021,,Female,,Gender,,,,,Jigawa,,NGJI17,4.2
2021,,Female,,Gender,,,,,Kaduna,,NGKD18,8.4
2021,,Female,,Gender,,,,,Kano,,NGKN19,4.3
2021,,Female,,Gender,,,,,Katsina,,NGKT20,10.7
2021,,Female,,Gender,,,,,Kebbi,,NGKE21,8.4
2021,,Female,,Gender,,,,,Kogi,,NGKO22,5.5
2021,,Female,,Gender,,,,,Kwara,,NGKW23,3.1
2021,,Female,,Gender,,,,,Lagos,,NGLA24,2.6
2021,,Female,,Gender,,,,,Nasarawa,,NGNA25,9.9
2021,,Female,,Gender,,,,,Niger,,NGNI26,2.7
2021,,Female,,Gender,,,,,Ogun,,NGOG27,1.8
2021,,Female,,Gender,,,,,Ondo,,NGON28,1.0
2021,,Female,,Gender,,,,,Osun,,NGOS29,0.9
2021,,Female,,Gender,,,,,Oyo,,NGOY30,1.6
2021,,Female,,Gender,,,,,Plateau,,NGPL31,7.2
2021,,Female,,Gender,,,,,Rivers,,NGRI32,11.6
2021,,Female,,Gender,,,,,Sokoto,,NGSO33,7.8
2021,,Female,,Gender,,,,,Taraba,,NGTA34,5.0
2021,,Female,,Gender,,,,,Yobe,,NGYO35,7.5
2021,,Female,,Gender,,,,,Zamfara,,NGZA36,11.7
2021,,Female,,Gender,,,,,Federal Capital Territory,,NGFC37,6.5
2021,,Female,,Sexual orientation,,,,,,,NG,3.6
2021,,Female,Urban,Sexual orientation,,,,,,,NG,3.2
2021,,Female,Rural,Sexual orientation,,,,,,,NG,4.0
2021,,Female,,Sexual orientation,,,,,,15-19,NG,4.8
2021,,Female,,Sexual orientation,,,,,,15-17,NG,4.7
2021,,Female,,Sexual orientation,,,,,,18-19,NG,4.9
2021,,Female,,Sexual orientation,,,,,,20-24,NG,3.9
2021,,Female,,Sexual orientation,,,,,,25-29,NG,3.9
2021,,Female,,Sexual orientation,,,,,,30-34,NG,3.3
2021,,Female,,Sexual orientation,,,,,,35-39,NG,2.5
2021,,Female,,Sexual orientation,,,,,,40-44,NG,2.8
2021,,Female,,Sexual orientation,,,,,,45-49,NG,3.0
2021,,Female,,Sexual orientation,None,,,,,,NG,4.2
2021,,Female,,Sexual orientation,Primary,,,,,,NG,3.1
2021,,Female,,Sexual orientation,Junior secondary,,,,,,NG,3.7
2021,,Female,,Sexual orientation,Senior secondary,,,,,,NG,3.5
2021,,Female,,Sexual orientation,Higher/tertiary,,,,,,NG,3.2
2021,,Female,,Sexual orientation,,Hausa,,,,,NG,4.9
2021,,Female,,Sexual orientation,,Igbo,,,,,NG,4.7
2021,,Female,,Sexual orientation,,Yoruba,,,,,NG,1.4
2021,,Female,,Sexual orientation,,Fulani,,,,,NG,3.7
2021,,Female,,Sexual orientation,,Kanuri,,,,,NG,2.6
2021,,Female,,Sexual orientation,,Ijaw,,,,,NG,3.1
2021,,Female,,Sexual orientation,,Tiv,,,,,NG,0.9
2021,,Female,,Sexual orientation,,Ibibio,,,,,NG,3.3
2021,,Female,,Sexual orientation,,Edo,,,,,NG,7.6
2021,,Female,,Sexual orientation,,Other ethnicity,,,,,NG,3.4
2021,,Female,,Sexual orientation,,,Poorest,,,,NG,3.7
2021,,Female,,Sexual orientation,,,Second,,,,NG,4.1
2021,,Female,,Sexual orientation,,,Middle,,,,NG,4.0
2021,,Female,,Sexual orientation,,,Fourth,,,,NG,3.6
2021,,Female,,Sexual orientation,,,Richest,,,,NG,3.0
2021,,Female,,Sexual orientation,,,,North  Central,,,NGNCZ06,3.6
2021,,Female,,Sexual orientation,,,,North East,,,NGNEZ05,1.9
2021,,Female,,Sexual orientation,,,,North West,,,NGNWZ04,5.5
2021,,Female,,Sexual orientation,,,,South East,,,NGSEZ03,5.3
2021,,Female,,Sexual orientation,,,,South South,,,NGSSZ02,4.2
2021,,Female,,Sexual orientation,,,,South West,,,NGSWZ01,1.1
2021,,Female,,Sexual orientation,,,,,Abia,,NGAB01,9.3
2021,,Female,,Sexual orientation,,,,,Adamawa,,NGAD02,0.8
2021,,Female,,Sexual orientation,,,,,Akwa Ibom,,NGAK03,2.8
2021,,Female,,Sexual orientation,,,,,Anambra,,NGAN04,5.1
2021,,Female,,Sexual orientation,,,,,Bauchi,,NGBA05,0.9
2021,,Female,,Sexual orientation,,,,,Bayelsa,,NGBY06,2.9
2021,,Female,,Sexual orientation,,,,,Benue,,NGBE07,0.4
2021,,Female,,Sexual orientation,,,,,Borno,,NGBO08,3.1
2021,,Female,,Sexual orientation,,,,,Cross River,,NGXR09,3.0
2021,,Female,,Sexual orientation,,,,,Delta,,NGDE10,3.0
2021,,Female,,Sexual orientation,,,,,Ebonyi,,NGEB11,7.2
2021,,Female,,Sexual orientation,,,,,Edo,,NGED12,8.6
2021,,Female,,Sexual orientation,,,,,Ekiti,,NGEK13,2.8
2021,,Female,,Sexual orientation,,,,,Enugu,,NGEN14,4.4
2021,,Female,,Sexual orientation,,,,,Gombe,,NGGO15,1.4
2021,,Female,,Sexual orientation,,,,,Imo,,NGIM16,2.1
2021,,Female,,Sexual orientation,,,,,Jigawa,,NGJI17,4.3
2021,,Female,,Sexual orientation,,,,,Kaduna,,NGKD18,6.8
2021,,Female,,Sexual orientation,,,,,Kano,,NGKN19,0.7
2021,,Female,,Sexual orientation,,,,,Katsina,,NGKT20,9.6
2021,,Female,,Sexual orientation,,,,,Kebbi,,NGKE21,3.9
2021,,Female,,Sexual orientation,,,,,Kogi,,NGKO22,3.6
2021,,Female,,Sexual orientation,,,,,Kwara,,NGKW23,1.8
2021,,Female,,Sexual orientation,,,,,Lagos,,NGLA24,0.9
2021,,Female,,Sexual orientation,,,,,Nasarawa,,NGNA25,8.8
2021,,Female,,Sexual orientation,,,,,Niger,,NGNI26,5.0
2021,,Female,,Sexual orientation,,,,,Ogun,,NGOG27,0.7
2021,,Female,,Sexual orientation,,,,,Ondo,,NGON28,0.5
2021,,Female,,Sexual orientation,,,,,Osun,,NGOS29,1.3
2021,,Female,,Sexual orientation,,,,,Oyo,,NGOY30,1.6
2021,,Female,,Sexual orientation,,,,,Plateau,,NGPL31,1.2
2021,,Female,,Sexual orientation,,,,,Rivers,,NGRI32,4.0
2021,,Female,,Sexual orientation,,,,,Sokoto,,NGSO33,10.2
2021,,Female,,Sexual orientation,,,,,Taraba,,NGTA34,1.5
2021,,Female,,Sexual orientation,,,,,Yobe,,NGYO35,4.7
2021,,Female,,Sexual orientation,,,,,Zamfara,,NGZA36,6.8
2021,,Female,,Sexual orientation,,,,,Federal Capital Territory,,NGFC37,7.0
2021,,Female,,Age,,,,,,,NG,7.3
2021,,Female,Urban,Age,,,,,,,NG,6.8
2021,,Female,Rural,Age,,,,,,,NG,7.7
2021,,Female,,Age,,,,,,15-19,NG,9.2
2021,,Female,,Age,,,,,,15-17,NG,9.2
2021,,Female,,Age,,,,,,18-19,NG,9.1
2021,,Female,,Age,,,,,,20-24,NG,8.3
2021,,Female,,Age,,,,,,25-29,NG,7.3
2021,,Female,,Age,,,,,,30-34,NG,6.6
2021,,Female,,Age,,,,,,35-39,NG,5.7
2021,,Female,,Age,,,,,,40-44,NG,5.9
2021,,Female,,Age,,,,,,45-49,NG,5.5
2021,,Female,,Age,None,,,,,,NG,7.1
2021,,Female,,Age,Primary,,,,,,NG,6.5
2021,,Female,,Age,Junior secondary,,,,,,NG,7.0
2021,,Female,,Age,Senior secondary,,,,,,NG,7.8
2021,,Female,,Age,Higher/tertiary,,,,,,NG,7.0
2021,,Female,,Age,,Hausa,,,,,NG,8.5
2021,,Female,,Age,,Igbo,,,,,NG,7.6
2021,,Female,,Age,,Yoruba,,,,,NG,4.0
2021,,Female,,Age,,Fulani,,,,,NG,6.0
2021,,Female,,Age,,Kanuri,,,,,NG,6.6
2021,,Female,,Age,,Ijaw,,,,,NG,11.2
2021,,Female,,Age,,Tiv,,,,,NG,8.1
2021,,Female,,Age,,Ibibio,,,,,NG,6.4
2021,,Female,,Age,,Edo,,,,,NG,21.2
2021,,Female,,Age,,Other ethnicity,,,,,NG,7.1
2021,,Female,,Age,,,Poorest,,,,NG,6.6
2021,,Female,,Age,,,Second,,,,NG,8.2
2021,,Female,,Age,,,Middle,,,,NG,7.6
2021,,Female,,Age,,,Fourth,,,,NG,7.5
2021,,Female,,Age,,,Richest,,,,NG,6.4
2021,,Female,,Age,,,,North  Central,,,NGNCZ06,6.2
2021,,Female,,Age,,,,North East,,,NGNEZ05,6.2
2021,,Female,,Age,,,,North West,,,NGNWZ04,8.8
2021,,Female,,Age,,,,South East,,,NGSEZ03,8.1
2021,,Female,,Age,,,,South South,,,NGSSZ02,12.0
2021,,Female,,Age,,,,South West,,,NGSWZ01,2.9
2021,,Female,,Age,,,,,Abia,,NGAB01,11.5
2021,,Female,,Age,,,,,Adamawa,,NGAD02,1.5
2021,,Female,,Age,,,,,Akwa Ibom,,NGAK03,5.6
2021,,Female,,Age,,,,,Anambra,,NGAN04,6.1
2021,,Female,,Age,,,,,Bauchi,,NGBA05,6.2
2021,,Female,,Age,,,,,Bayelsa,,NGBY06,13.0
2021,,Female,,Age,,,,,Benue,,NGBE07,6.3
2021,,Female,,Age,,,,,Borno,,NGBO08,9.7
2021,,Female,,Age,,,,,Cross River,,NGXR09,10.2
2021,,Female,,Age,,,,,Delta,,NGDE10,10.8
2021,,Female,,Age,,,,,Ebonyi,,NGEB11,4.7
2021,,Female,,Age,,,,,Edo,,NGED12,23.0
2021,,Female,,Age,,,,,Ekiti,,NGEK13,3.3
2021,,Female,,Age,,,,,Enugu,,NGEN14,11.1
2021,,Female,,Age,,,,,Gombe,,NGGO15,2.1
2021,,Female,,Age,,,,,Imo,,NGIM16,8.0
2021,,Female,,Age,,,,,Jigawa,,NGJI17,8.5
2021,,Female,,Age,,,,,Kaduna,,NGKD18,9.6
2021,,Female,,Age,,,,,Kano,,NGKN19,6.1
2021,,Female,,Age,,,,,Katsina,,NGKT20,9.8
2021,,Female,,Age,,,,,Kebbi,,NGKE21,9.1
2021,,Female,,Age,,,,,Kogi,,NGKO22,6.3
2021,,Female,,Age,,,,,Kwara,,NGKW23,7.4
2021,,Female,,Age,,,,,Lagos,,NGLA24,2.7
2021,,Female,,Age,,,,,Nasarawa,,NGNA25,8.8
2021,,Female,,Age,,,,,Niger,,NGNI26,4.2
2021,,Female,,Age,,,,,Ogun,,NGOG27,1.5
2021,,Female,,Age,,,,,Ondo,,NGON28,2.0
2021,,Female,,Age,,,,,Osun,,NGOS29,3.4
2021,,Female,,Age,,,,,Oyo,,NGOY30,4.4
2021,,Female,,Age,,,,,Plateau,,NGPL31,5.7
2021,,Female,,Age,,,,,Rivers,,NGRI32,10.6
2021,,Female,,Age,,,,,Sokoto,,NGSO33,9.2
2021,,Female,,Age,,,,,Taraba,,NGTA34,6.7
2021,,Female,,Age,,,,,Yobe,,NGYO35,11.4
2021,,Female,,Age,,,,,Zamfara,,NGZA36,12.8
2021,,Female,,Age,,,,,Federal Capital Territory,,NGFC37,6.9
2021,,Female,,Religion or belief,,,,,,,NG,5.4
2021,,Female,Urban,Religion or belief,,,,,,,NG,4.9
2021,,Female,Rural,Religion or belief,,,,,,,NG,5.8
2021,,Female,,Religion or belief,,,,,,15-19,NG,5.5
2021,,Female,,Religion or belief,,,,,,15-17,NG,5.6
2021,,Female,,Religion or belief,,,,,,18-19,NG,5.3
2021,,Female,,Religion or belief,,,,,,20-24,NG,6.0
2021,,Female,,Religion or belief,,,,,,25-29,NG,6.0
2021,,Female,,Religion or belief,,,,,,30-34,NG,5.0
2021,,Female,,Religion or belief,,,,,,35-39,NG,4.4
2021,,Female,,Religion or belief,,,,,,40-44,NG,4.8
2021,,Female,,Religion or belief,,,,,,45-49,NG,5.6
2021,,Female,,Religion or belief,None,,,,,,NG,5.3
2021,,Female,,Religion or belief,Primary,,,,,,NG,5.1
2021,,Female,,Religion or belief,Junior secondary,,,,,,NG,5.8
2021,,Female,,Religion or belief,Senior secondary,,,,,,NG,5.3
2021,,Female,,Religion or belief,Higher/tertiary,,,,,,NG,5.7
2021,,Female,,Religion or belief,,Hausa,,,,,NG,5.6
2021,,Female,,Religion or belief,,Igbo,,,,,NG,5.7
2021,,Female,,Religion or belief,,Yoruba,,,,,NG,2.8
2021,,Female,,Religion or belief,,Fulani,,,,,NG,3.8
2021,,Female,,Religion or belief,,Kanuri,,,,,NG,2.7
2021,,Female,,Religion or belief,,Ijaw,,,,,NG,3.3
2021,,Female,,Religion or belief,,Tiv,,,,,NG,2.0
2021,,Female,,Religion or belief,,Ibibio,,,,,NG,4.6
2021,,Female,,Religion or belief,,Edo,,,,,NG,10.7
2021,,Female,,Religion or belief,,Other ethnicity,,,,,NG,7.4
2021,,Female,,Religion or belief,,,Poorest,,,,NG,5.1
2021,,Female,,Religion or belief,,,Second,,,,NG,5.7
2021,,Female,,Religion or belief,,,Middle,,,,NG,5.9
2021,,Female,,Religion or belief,,,Fourth,,,,NG,5.1
2021,,Female,,Religion or belief,,,Richest,,,,NG,5.2
2021,,Female,,Religion or belief,,,,North  Central,,,NGNCZ06,7.0
2021,,Female,,Religion or belief,,,,North East,,,NGNEZ05,5.2
2021,,Female,,Religion or belief,,,,North West,,,NGNWZ04,5.8
2021,,Female,,Religion or belief,,,,South East,,,NGSEZ03,6.7
2021,,Female,,Religion or belief,,,,South South,,,NGSSZ02,6.5
2021,,Female,,Religion or belief,,,,South West,,,NGSWZ01,2.1
2021,,Female,,Religion or belief,,,,,Abia,,NGAB01,8.3
2021,,Female,,Religion or belief,,,,,Adamawa,,NGAD02,10.9
2021,,Female,,Religion or belief,,,,,Akwa Ibom,,NGAK03,3.6
2021,,Female,,Religion or belief,,,,,Anambra,,NGAN04,8.3
2021,,Female,,Religion or belief,,,,,Bauchi,,NGBA05,3.4
2021,,Female,,Religion or belief,,,,,Bayelsa,,NGBY06,4.2
2021,,Female,,Religion or belief,,,,,Benue,,NGBE07,1.8
2021,,Female,,Religion or belief,,,,,Borno,,NGBO08,4.5
2021,,Female,,Religion or belief,,,,,Cross River,,NGXR09,3.3
2021,,Female,,Religion or belief,,,,,Delta,,NGDE10,5.4
2021,,Female,,Religion or belief,,,,,Ebonyi,,NGEB11,3.4
2021,,Female,,Religion or belief,,,,,Edo,,NGED12,13.1
2021,,Female,,Religion or belief,,,,,Ekiti,,NGEK13,1.7
2021,,Female,,Religion or belief,,,,,Enugu,,NGEN14,8.4
2021,,Female,,Religion or belief,,,,,Gombe,,NGGO15,2.0
2021,,Female,,Religion or belief,,,,,Imo,,NGIM16,4.1
2021,,Female,,Religion or belief,,,,,Jigawa,,NGJI17,1.6
2021,,Female,,Religion or belief,,,,,Kaduna,,NGKD18,7.3
2021,,Female,,Religion or belief,,,,,Kano,,NGKN19,1.1
2021,,Female,,Religion or belief,,,,,Katsina,,NGKT20,8.4
2021,,Female,,Religion or belief,,,,,Kebbi,,NGKE21,3.8
2021,,Female,,Religion or belief,,,,,Kogi,,NGKO22,6.4
2021,,Female,,Religion or belief,,,,,Kwara,,NGKW23,4.1
2021,,Female,,Religion or belief,,,,,Lagos,,NGLA24,2.5
2021,,Female,,Religion or belief,,,,,Nasarawa,,NGNA25,9.2
2021,,Female,,Religion or belief,,,,,Niger,,NGNI26,8.3
2021,,Female,,Religion or belief,,,,,Ogun,,NGOG27,1.8
2021,,Female,,Religion or belief,,,,,Ondo,,NGON28,1.2
2021,,Female,,Religion or belief,,,,,Osun,,NGOS29,3.5
2021,,Female,,Religion or belief,,,,,Oyo,,NGOY30,1.9
2021,,Female,,Religion or belief,,,,,Plateau,,NGPL31,11.5
2021,,Female,,Religion or belief,,,,,Rivers,,NGRI32,7.3
2021,,Female,,Religion or belief,,,,,Sokoto,,NGSO33,7.2
2021,,Female,,Religion or belief,,,,,Taraba,,NGTA34,9.6
2021,,Female,,Religion or belief,,,,,Yobe,,NGYO35,1.0
2021,,Female,,Religion or belief,,,,,Zamfara,,NGZA36,17.5
2021,,Female,,Religion or belief,,,,,Federal Capital Territory,,NGFC37,9.8
2021,,Female,,Disability,,,,,,,NG,2.1
2021,,Female,Urban,Disability,,,,,,,NG,1.4
2021,,Female,Rural,Disability,,,,,,,NG,2.7
2021,,Female,,Disability,,,,,,15-19,NG,2.1
2021,,Female,,Disability,,,,,,15-17,NG,2.1
2021,,Female,,Disability,,,,,,18-19,NG,2.1
2021,,Female,,Disability,,,,,,20-24,NG,2.3
2021,,Female,,Disability,,,,,,25-29,NG,2.2
2021,,Female,,Disability,,,,,,30-34,NG,2.2
2021,,Female,,Disability,,,,,,35-39,NG,1.7
2021,,Female,,Disability,,,,,,40-44,NG,2.3
2021,,Female,,Disability,,,,,,45-49,NG,1.8
2021,,Female,,Disability,None,,,,,,NG,3.5
2021,,Female,,Disability,Primary,,,,,,NG,2.0
2021,,Female,,Disability,Junior secondary,,,,,,NG,1.7
2021,,Female,,Disability,Senior secondary,,,,,,NG,1.6
2021,,Female,,Disability,Higher/tertiary,,,,,,NG,1.1
2021,,Female,,Disability,,Hausa,,,,,NG,3.6
2021,,Female,,Disability,,Igbo,,,,,NG,2.0
2021,,Female,,Disability,,Yoruba,,,,,NG,0.7
2021,,Female,,Disability,,Fulani,,,,,NG,2.7
2021,,Female,,Disability,,Kanuri,,,,,NG,1.7
2021,,Female,,Disability,,Ijaw,,,,,NG,2.4
2021,,Female,,Disability,,Tiv,,,,,NG,0.8
2021,,Female,,Disability,,Ibibio,,,,,NG,1.1
2021,,Female,,Disability,,Edo,,,,,NG,2.7
2021,,Female,,Disability,,Other ethnicity,,,,,NG,1.6
2021,,Female,,Disability,,,Poorest,,,,NG,2.8
2021,,Female,,Disability,,,Second,,,,NG,2.7
2021,,Female,,Disability,,,Middle,,,,NG,2.4
2021,,Female,,Disability,,,Fourth,,,,NG,1.5
2021,,Female,,Disability,,,Richest,,,,NG,1.4
2021,,Female,,Disability,,,,North  Central,,,NGNCZ06,1.7
2021,,Female,,Disability,,,,North East,,,NGNEZ05,1.2
2021,,Female,,Disability,,,,North West,,,NGNWZ04,4.0
2021,,Female,,Disability,,,,South East,,,NGSEZ03,2.1
2021,,Female,,Disability,,,,South South,,,NGSSZ02,1.9
2021,,Female,,Disability,,,,South West,,,NGSWZ01,0.7
2021,,Female,,Disability,,,,,Abia,,NGAB01,5.0
2021,,Female,,Disability,,,,,Adamawa,,NGAD02,0.7
2021,,Female,,Disability,,,,,Akwa Ibom,,NGAK03,0.9
2021,,Female,,Disability,,,,,Anambra,,NGAN04,2.1
2021,,Female,,Disability,,,,,Bauchi,,NGBA05,0.8
2021,,Female,,Disability,,,,,Bayelsa,,NGBY06,3.8
2021,,Female,,Disability,,,,,Benue,,NGBE07,0.9
2021,,Female,,Disability,,,,,Borno,,NGBO08,2.7
2021,,Female,,Disability,,,,,Cross River,,NGXR09,0.8
2021,,Female,,Disability,,,,,Delta,,NGDE10,0.7
2021,,Female,,Disability,,,,,Ebonyi,,NGEB11,1.8
2021,,Female,,Disability,,,,,Edo,,NGED12,2.5
2021,,Female,,Disability,,,,,Ekiti,,NGEK13,0.8
2021,,Female,,Disability,,,,,Enugu,,NGEN14,1.3
2021,,Female,,Disability,,,,,Gombe,,NGGO15,1.5
2021,,Female,,Disability,,,,,Imo,,NGIM16,0.9
2021,,Female,,Disability,,,,,Jigawa,,NGJI17,5.1
2021,,Female,,Disability,,,,,Kaduna,,NGKD18,1.7
2021,,Female,,Disability,,,,,Kano,,NGKN19,0.5
2021,,Female,,Disability,,,,,Katsina,,NGKT20,5.1
2021,,Female,,Disability,,,,,Kebbi,,NGKE21,2.8
2021,,Female,,Disability,,,,,Kogi,,NGKO22,3.0
2021,,Female,,Disability,,,,,Kwara,,NGKW23,1.2
2021,,Female,,Disability,,,,,Lagos,,NGLA24,0.7
2021,,Female,,Disability,,,,,Nasarawa,,NGNA25,4.3
2021,,Female,,Disability,,,,,Niger,,NGNI26,0.6
2021,,Female,,Disability,,,,,Ogun,,NGOG27,0.8
2021,,Female,,Disability,,,,,Ondo,,NGON28,0.4
2021,,Female,,Disability,,,,,Osun,,NGOS29,0.5
2021,,Female,,Disability,,,,,Oyo,,NGOY30,1.0
2021,,Female,,Disability,,,,,Plateau,,NGPL31,0.1
2021,,Female,,Disability,,,,,Rivers,,NGRI32,3.0
2021,,Female,,Disability,,,,,Sokoto,,NGSO33,6.6
2021,,Female,,Disability,,,,,Taraba,,NGTA34,1.2
2021,,Female,,Disability,,,,,Yobe,,NGYO35,0.3
2021,,Female,,Disability,,,,,Zamfara,,NGZA36,12.5
2021,,Female,,Disability,,,,,Federal Capital Territory,,NGFC37,4.0
2021,,Female,,Other reason,,,,,,,NG,5.6
2021,,Female,Urban,Other reason,,,,,,,NG,3.8
2021,,Female,Rural,Other reason,,,,,,,NG,7.1
2021,,Female,,Other reason,,,,,,15-19,NG,5.3
2021,,Female,,Other reason,,,,,,15-17,NG,5.3
2021,,Female,,Other reason,,,,,,18-19,NG,5.4
2021,,Female,,Other reason,,,,,,20-24,NG,5.7
2021,,Female,,Other reason,,,,,,25-29,NG,5.5
2021,,Female,,Other reason,,,,,,30-34,NG,5.5
2021,,Female,,Other reason,,,,,,35-39,NG,6.2
2021,,Female,,Other reason,,,,,,40-44,NG,5.4
2021,,Female,,Other reason,,,,,,45-49,NG,5.6
2021,,Female,,Other reason,None,,,,,,NG,8.4
2021,,Female,,Other reason,Primary,,,,,,NG,5.4
2021,,Female,,Other reason,Junior secondary,,,,,,NG,4.8
2021,,Female,,Other reason,Senior secondary,,,,,,NG,4.5
2021,,Female,,Other reason,Higher/tertiary,,,,,,NG,3.7
2021,,Female,,Other reason,,Hausa,,,,,NG,9.1
2021,,Female,,Other reason,,Igbo,,,,,NG,5.0
2021,,Female,,Other reason,,Yoruba,,,,,NG,2.1
2021,,Female,,Other reason,,Fulani,,,,,NG,8.4
2021,,Female,,Other reason,,Kanuri,,,,,NG,7.9
2021,,Female,,Other reason,,Ijaw,,,,,NG,5.4
2021,,Female,,Other reason,,Tiv,,,,,NG,3.6
2021,,Female,,Other reason,,Ibibio,,,,,NG,3.7
2021,,Female,,Other reason,,Edo,,,,,NG,5.1
2021,,Female,,Other reason,,Other ethnicity,,,,,NG,4.2
2021,,Female,,Other reason,,,Poorest,,,,NG,6.7
2021,,Female,,Other reason,,,Second,,,,NG,7.5
2021,,Female,,Other reason,,,Middle,,,,NG,6.3
2021,,Female,,Other reason,,,Fourth,,,,NG,4.6
2021,,Female,,Other reason,,,Richest,,,,NG,3.5
2021,,Female,,Other reason,,,,North  Central,,,NGNCZ06,4.6
2021,,Female,,Other reason,,,,North East,,,NGNEZ05,7.0
2021,,Female,,Other reason,,,,North West,,,NGNWZ04,9.3
2021,,Female,,Other reason,,,,South East,,,NGSEZ03,5.4
2021,,Female,,Other reason,,,,South South,,,NGSSZ02,4.1
2021,,Female,,Other reason,,,,South West,,,NGSWZ01,2.0
2021,,Female,,Other reason,,,,,Abia,,NGAB01,9.1
2021,,Female,,Other reason,,,,,Adamawa,,NGAD02,0.7
2021,,Female,,Other reason,,,,,Akwa Ibom,,NGAK03,4.0
2021,,Female,,Other reason,,,,,Anambra,,NGAN04,1.9
2021,,Female,,Other reason,,,,,Bauchi,,NGBA05,14.8
2021,,Female,,Other reason,,,,,Bayelsa,,NGBY06,8.7
2021,,Female,,Other reason,,,,,Benue,,NGBE07,2.7
2021,,Female,,Other reason,,,,,Borno,,NGBO08,9.0
2021,,Female,,Other reason,,,,,Cross River,,NGXR09,4.2
2021,,Female,,Other reason,,,,,Delta,,NGDE10,1.4
2021,,Female,,Other reason,,,,,Ebonyi,,NGEB11,2.2
2021,,Female,,Other reason,,,,,Edo,,NGED12,4.2
2021,,Female,,Other reason,,,,,Ekiti,,NGEK13,2.6
2021,,Female,,Other reason,,,,,Enugu,,NGEN14,6.2
2021,,Female,,Other reason,,,,,Gombe,,NGGO15,1.7
2021,,Female,,Other reason,,,,,Imo,,NGIM16,8.9
2021,,Female,,Other reason,,,,,Jigawa,,NGJI17,5.9
2021,,Female,,Other reason,,,,,Kaduna,,NGKD18,10.4
2021,,Female,,Other reason,,,,,Kano,,NGKN19,10.7
2021,,Female,,Other reason,,,,,Katsina,,NGKT20,10.0
2021,,Female,,Other reason,,,,,Kebbi,,NGKE21,5.3
2021,,Female,,Other reason,,,,,Kogi,,NGKO22,4.2
2021,,Female,,Other reason,,,,,Kwara,,NGKW23,2.3
2021,,Female,,Other reason,,,,,Lagos,,NGLA24,2.5
2021,,Female,,Other reason,,,,,Nasarawa,,NGNA25,6.2
2021,,Female,,Other reason,,,,,Niger,,NGNI26,10.6
2021,,Female,,Other reason,,,,,Ogun,,NGOG27,1.2
2021,,Female,,Other reason,,,,,Ondo,,NGON28,0.7
2021,,Female,,Other reason,,,,,Osun,,NGOS29,1.4
2021,,Female,,Other reason,,,,,Oyo,,NGOY30,2.5
2021,,Female,,Other reason,,,,,Plateau,,NGPL31,0.7
2021,,Female,,Other reason,,,,,Rivers,,NGRI32,4.6
2021,,Female,,Other reason,,,,,Sokoto,,NGSO33,7.9
2021,,Female,,Other reason,,,,,Taraba,,NGTA34,2.1
2021,,Female,,Other reason,,,,,Yobe,,NGYO35,6.5
2021,,Female,,Other reason,,,,,Zamfara,,NGZA36,11.9
2021,,Female,,Other reason,,,,,Federal Capital Territory,,NGFC37,3.2
2021,,Female,,Any reason,,,,,,,NG,18.9
2021,,Female,Urban,Any reason,,,,,,,NG,16.4
2021,,Female,Rural,Any reason,,,,,,,NG,20.9
2021,,Female,,Any reason,,,,,,15-19,NG,20.1
2021,,Female,,Any reason,,,,,,15-17,NG,20.0
2021,,Female,,Any reason,,,,,,18-19,NG,20.4
2021,,Female,,Any reason,,,,,,20-24,NG,19.9
2021,,Female,,Any reason,,,,,,25-29,NG,20.2
2021,,Female,,Any reason,,,,,,30-34,NG,18.4
2021,,Female,,Any reason,,,,,,35-39,NG,16.8
2021,,Female,,Any reason,,,,,,40-44,NG,17.0
2021,,Female,,Any reason,,,,,,45-49,NG,17.7
2021,,Female,,Any reason,None,,,,,,NG,21.2
2021,,Female,,Any reason,Primary,,,,,,NG,17.7
2021,,Female,,Any reason,Junior secondary,,,,,,NG,18.1
2021,,Female,,Any reason,Senior secondary,,,,,,NG,18.7
2021,,Female,,Any reason,Higher/tertiary,,,,,,NG,16.5
2021,,Female,,Any reason,,Hausa,,,,,NG,21.8
2021,,Female,,Any reason,,Igbo,,,,,NG,19.6
2021,,Female,,Any reason,,Yoruba,,,,,NG,9.9
2021,,Female,,Any reason,,Fulani,,,,,NG,18.9
2021,,Female,,Any reason,,Kanuri,,,,,NG,18.6
2021,,Female,,Any reason,,Ijaw,,,,,NG,21.9
2021,,Female,,Any reason,,Tiv,,,,,NG,18.9
2021,,Female,,Any reason,,Ibibio,,,,,NG,19.3
2021,,Female,,Any reason,,Edo,,,,,NG,31.9
2021,,Female,,Any reason,,Other ethnicity,,,,,NG,20.4
2021,,Female,,Any reason,,,Poorest,,,,NG,19.6
2021,,Female,,Any reason,,,Second,,,,NG,21.5
2021,,Female,,Any reason,,,Middle,,,,NG,19.7
2021,,Female,,Any reason,,,Fourth,,,,NG,18.6
2021,,Female,,Any reason,,,Richest,,,,NG,15.7
2021,,Female,,Any reason,,,,North  Central,,,NGNCZ06,19.3
2021,,Female,,Any reason,,,,North East,,,NGNEZ05,18.5
2021,,Female,,Any reason,,,,North West,,,NGNWZ04,22.8
2021,,Female,,Any reason,,,,South East,,,NGSEZ03,20.1
2021,,Female,,Any reason,,,,South South,,,NGSSZ02,25.5
2021,,Female,,Any reason,,,,South West,,,NGSWZ01,8.5
2021,,Female,,Any reason,,,,,Abia,,NGAB01,22.0
2021,,Female,,Any reason,,,,,Adamawa,,NGAD02,13.9
2021,,Female,,Any reason,,,,,Akwa Ibom,,NGAK03,16.7
2021,,Female,,Any reason,,,,,Anambra,,NGAN04,19.7
2021,,Female,,Any reason,,,,,Bauchi,,NGBA05,25.2
2021,,Female,,Any reason,,,,,Bayelsa,,NGBY06,28.7
2021,,Female,,Any reason,,,,,Benue,,NGBE07,15.8
2021,,Female,,Any reason,,,,,Borno,,NGBO08,20.2
2021,,Female,,Any reason,,,,,Cross River,,NGXR09,23.1
2021,,Female,,Any reason,,,,,Delta,,NGDE10,22.9
2021,,Female,,Any reason,,,,,Ebonyi,,NGEB11,16.7
2021,,Female,,Any reason,,,,,Edo,,NGED12,33.9
2021,,Female,,Any reason,,,,,Ekiti,,NGEK13,9.4
2021,,Female,,Any reason,,,,,Enugu,,NGEN14,22.1
2021,,Female,,Any reason,,,,,Gombe,,NGGO15,9.3
2021,,Female,,Any reason,,,,,Imo,,NGIM16,19.8
2021,,Female,,Any reason,,,,,Jigawa,,NGJI17,16.3
2021,,Female,,Any reason,,,,,Kaduna,,NGKD18,25.8
2021,,Female,,Any reason,,,,,Kano,,NGKN19,18.0
2021,,Female,,Any reason,,,,,Katsina,,NGKT20,23.6
2021,,Female,,Any reason,,,,,Kebbi,,NGKE21,20.9
2021,,Female,,Any reason,,,,,Kogi,,NGKO22,16.4
2021,,Female,,Any reason,,,,,Kwara,,NGKW23,11.9
2021,,Female,,Any reason,,,,,Lagos,,NGLA24,9.8
2021,,Female,,Any reason,,,,,Nasarawa,,NGNA25,26.8
2021,,Female,,Any reason,,,,,Niger,,NGNI26,22.1
2021,,Female,,Any reason,,,,,Ogun,,NGOG27,7.0
2021,,Female,,Any reason,,,,,Ondo,,NGON28,4.6
2021,,Female,,Any reason,,,,,Osun,,NGOS29,8.0
2021,,Female,,Any reason,,,,,Oyo,,NGOY30,10.0
2021,,Female,,Any reason,,,,,Plateau,,NGPL31,21.7
2021,,Female,,Any reason,,,,,Rivers,,NGRI32,27.4
2021,,Female,,Any reason,,,,,Sokoto,,NGSO33,17.6
2021,,Female,,Any reason,,,,,Taraba,,NGTA34,15.2
2021,,Female,,Any reason,,,,,Yobe,,NGYO35,20.9
2021,,Female,,Any reason,,,,,Zamfara,,NGZA36,45.1
2021,,Female,,Any reason,,,,,Federal Capital Territory,,NGFC37,21.4
