Year,Series,Gender,Circumcision status,Number of sexual partners,Age group,Units,Value
2018,"Hepatitis B incidence per 100,000 population",Male,Circumcised,,,Percentage (%),10.20
2018,"Hepatitis B incidence per 100,000 population",Male,Not circumcised,,,Percentage (%),11.40
2018,"Hepatitis B incidence per 100,000 population",Male,,Zero,,Percentage (%),10.70
2018,"Hepatitis B incidence per 100,000 population",Male,,One,,Percentage (%),10.80
2018,"Hepatitis B incidence per 100,000 population",Male,,Two or more ,,Percentage (%),8.30
2018,"Hepatitis B incidence per 100,000 population",Male,,,15-19 ,Percentage (%),10.30
2018,"Hepatitis B incidence per 100,000 population",Male,,,20-24 ,Percentage (%),10.70
2018,"Hepatitis B incidence per 100,000 population",Male,,,25-29 ,Percentage (%),13.70
2018,"Hepatitis B incidence per 100,000 population",Male,,,30-34 ,Percentage (%),11.20
2018,"Hepatitis B incidence per 100,000 population",Male,,,35-39 ,Percentage (%),13.10
2018,"Hepatitis B incidence per 100,000 population",Male,,,40-44 ,Percentage (%),9.20
2018,"Hepatitis B incidence per 100,000 population",Male,,,45-49 ,Percentage (%),7.70
2018,"Hepatitis B incidence per 100,000 population",Male,,,50-54 ,Percentage (%),6.10
2018,"Hepatitis B incidence per 100,000 population",Male,,,55-59,Percentage (%),3.90
2018,"Hepatitis B incidence per 100,000 population",Male,,,60-64,Percentage (%),5.20
2018,"Hepatitis B incidence per 100,000 population",Male,,,15-24,Percentage (%),10.50
2018,"Hepatitis B incidence per 100,000 population",Male,,,15-49,Percentage (%),11.10
2018,"Hepatitis B incidence per 100,000 population",Male,,,15-64,Percentage (%),10.30
2018,"Hepatitis B incidence per 100,000 population",Male,Circumcised,,,Number,4279
2018,"Hepatitis B incidence per 100,000 population",Male,Not circumcised,,,Number,77
2018,"Hepatitis B incidence per 100,000 population",Male,,Zero,,Number,1438
2018,"Hepatitis B incidence per 100,000 population",Male,,One,,Number,2035
2018,"Hepatitis B incidence per 100,000 population",Male,,Two or more ,,Number,862
2018,"Hepatitis B incidence per 100,000 population",Male,,,15-19 ,Number,443
2018,"Hepatitis B incidence per 100,000 population",Male,,,20-24 ,Number,464
2018,"Hepatitis B incidence per 100,000 population",Male,,,25-29 ,Number,605
2018,"Hepatitis B incidence per 100,000 population",Male,,,30-34 ,Number,591
2018,"Hepatitis B incidence per 100,000 population",Male,,,35-39 ,Number,561
2018,"Hepatitis B incidence per 100,000 population",Male,,,40-44 ,Number,485
2018,"Hepatitis B incidence per 100,000 population",Male,,,45-49 ,Number,405
2018,"Hepatitis B incidence per 100,000 population",Male,,,50-54 ,Number,344
2018,"Hepatitis B incidence per 100,000 population",Male,,,55-59,Number,229
2018,"Hepatitis B incidence per 100,000 population",Male,,,60-64,Number,267
2018,"Hepatitis B incidence per 100,000 population",Male,,,15-24,Number,907
2018,"Hepatitis B incidence per 100,000 population",Male,,,15-49,Number,3554
2018,"Hepatitis B incidence per 100,000 population",Male,,,15-64,Number,4394
2018,"Hepatitis B incidence per 100,000 population",Female,,Zero,,Percentage (%),5.80
2018,"Hepatitis B incidence per 100,000 population",Female,,One,,Percentage (%),5.80
2018,"Hepatitis B incidence per 100,000 population",Female,,Two or more ,,Percentage (%),5.40
2018,"Hepatitis B incidence per 100,000 population",Female,,,15-19 ,Percentage (%),5.40
2018,"Hepatitis B incidence per 100,000 population",Female,,,20-24 ,Percentage (%),6.40
2018,"Hepatitis B incidence per 100,000 population",Female,,,25-29 ,Percentage (%),5.10
2018,"Hepatitis B incidence per 100,000 population",Female,,,30-34 ,Percentage (%),7.60
2018,"Hepatitis B incidence per 100,000 population",Female,,,35-39 ,Percentage (%),7.20
2018,"Hepatitis B incidence per 100,000 population",Female,,,40-44 ,Percentage (%),6.30
2018,"Hepatitis B incidence per 100,000 population",Female,,,45-49 ,Percentage (%),4.10
2018,"Hepatitis B incidence per 100,000 population",Female,,,50-54 ,Percentage (%),6.60
2018,"Hepatitis B incidence per 100,000 population",Female,,,55-59,Percentage (%),1.10
2018,"Hepatitis B incidence per 100,000 population",Female,,,60-64,Percentage (%),2.50
2018,"Hepatitis B incidence per 100,000 population",Female,,,15-24,Percentage (%),5.90
2018,"Hepatitis B incidence per 100,000 population",Female,,,15-49,Percentage (%),6.10
2018,"Hepatitis B incidence per 100,000 population",Female,,,15-64,Percentage (%),5.80
2018,"Hepatitis B incidence per 100,000 population",Female,,Zero,,Number,1842
2018,"Hepatitis B incidence per 100,000 population",Female,,One,,Number,3930
2018,"Hepatitis B incidence per 100,000 population",Female,,Two or more ,,Number,244
2018,"Hepatitis B incidence per 100,000 population",Female,,,15-19 ,Number,604
2018,"Hepatitis B incidence per 100,000 population",Female,,,20-24 ,Number,815
2018,"Hepatitis B incidence per 100,000 population",Female,,,25-29 ,Number,988
2018,"Hepatitis B incidence per 100,000 population",Female,,,30-34 ,Number,857
2018,"Hepatitis B incidence per 100,000 population",Female,,,35-39 ,Number,825
2018,"Hepatitis B incidence per 100,000 population",Female,,,40-44 ,Number,633
2018,"Hepatitis B incidence per 100,000 population",Female,,,45-49 ,Number,406
2018,"Hepatitis B incidence per 100,000 population",Female,,,50-54 ,Number,405
2018,"Hepatitis B incidence per 100,000 population",Female,,,55-59,Number,227
2018,"Hepatitis B incidence per 100,000 population",Female,,,60-64,Number,284
2018,"Hepatitis B incidence per 100,000 population",Female,,,15-24,Number,1419
2018,"Hepatitis B incidence per 100,000 population",Female,,,15-49,Number,5128
2018,"Hepatitis B incidence per 100,000 population",Female,,,15-64,Number,6044
2018,"Hepatitis B incidence per 100,000 population",,,Zero,,Percentage (%),8.50
2018,"Hepatitis B incidence per 100,000 population",,,One,,Percentage (%),7.70
2018,"Hepatitis B incidence per 100,000 population",,,Two or more ,,Percentage (%),7.90
2018,"Hepatitis B incidence per 100,000 population",,,,15-19 ,Percentage (%),7.90
2018,"Hepatitis B incidence per 100,000 population",,,,20-24 ,Percentage (%),8.60
2018,"Hepatitis B incidence per 100,000 population",,,,25-29 ,Percentage (%),9.50
2018,"Hepatitis B incidence per 100,000 population",,,,30-34 ,Percentage (%),9.50
2018,"Hepatitis B incidence per 100,000 population",,,,35-39 ,Percentage (%),10.20
2018,"Hepatitis B incidence per 100,000 population",,,,40-44 ,Percentage (%),7.70
2018,"Hepatitis B incidence per 100,000 population",,,,45-49 ,Percentage (%),5.90
2018,"Hepatitis B incidence per 100,000 population",,,,50-54 ,Percentage (%),6.30
2018,"Hepatitis B incidence per 100,000 population",,,,55-59,Percentage (%),2.50
2018,"Hepatitis B incidence per 100,000 population",,,,60-64,Percentage (%),3.80
2018,"Hepatitis B incidence per 100,000 population",,,,15-24,Percentage (%),8.20
2018,"Hepatitis B incidence per 100,000 population",,,,15-49,Percentage (%),8.60
2018,"Hepatitis B incidence per 100,000 population",,,,15-64,Percentage (%),8.10
2018,"Hepatitis B incidence per 100,000 population",,,Zero,,Number,3280
2018,"Hepatitis B incidence per 100,000 population",,,One,,Number,5965
2018,"Hepatitis B incidence per 100,000 population",,,Two or more ,,Number,1106
2018,"Hepatitis B incidence per 100,000 population",,,,15-19 ,Number,1047
2018,"Hepatitis B incidence per 100,000 population",,,,20-24 ,Number,1279
2018,"Hepatitis B incidence per 100,000 population",,,,25-29 ,Number,1593
2018,"Hepatitis B incidence per 100,000 population",,,,30-34 ,Number,1448
2018,"Hepatitis B incidence per 100,000 population",,,,35-39 ,Number,1386
2018,"Hepatitis B incidence per 100,000 population",,,,40-44 ,Number,1118
2018,"Hepatitis B incidence per 100,000 population",,,,45-49 ,Number,811
2018,"Hepatitis B incidence per 100,000 population",,,,50-54 ,Number,749
2018,"Hepatitis B incidence per 100,000 population",,,,55-59,Number,456
2018,"Hepatitis B incidence per 100,000 population",,,,60-64,Number,551
2018,"Hepatitis B incidence per 100,000 population",,,,15-24,Number,2326
2018,"Hepatitis B incidence per 100,000 population",,,,15-49,Number,8682
2018,"Hepatitis B incidence per 100,000 population",,,,15-64,Number,10438
,,,,,,,
,,,,,,,
,,,,,,,
,,,,,,,
,,,,,,,
,,,,,,,
,,,,,,,
,,,,,,,
,,,,,,,
,,,,,,,
,,,,,,,
,,,,,,,
,,,,,,,
,,,,,,,
,,,,,,,
,,,,,,,
,,,,,,,
,,,,,,,
,,,,,,,
,,,,,,,
,,,,,,,
,,,,,,,
,,,,,,,
,,,,,,,
,,,,,,,
,,,,,,,
,,,,,,,
,,,,,,,
,,,,,,,
,,,,,,,
,,,,,,,
,,,,,,,
,,,,,,,
,,,,,,,
,,,,,,,
,,,,,,,
,,,,,,,
,,,,,,,
,,,,,,,
,,,,,,,
,,,,,,,
,,,,,,,
,,,,,,,
,,,,,,,
,,,,,,,
,,,,,,,
,,,,,,,
,,,,,,,
,,,,,,,
,,,,,,,
45-49 ,50-54 ,,55-59,60-64,,,
5.9,6.3,,2.5,3.8,,,
