Year,Series,Measure,Sector,Geopolitical Zone,State,Units,GeoCode,Value
2022,Proportion of persons of all ages living in poverty in all its dimensions according to national definitions,Multidimension Poverty Index (MPI),,,,Index,NG,0.257
2022,Proportion of persons of all ages living in poverty in all its dimensions according to national definitions,Multidimension Poverty Index (MPI),Rural,,,Index,NG,0.302
2022,Proportion of persons of all ages living in poverty in all its dimensions according to national definitions,Multidimension Poverty Index (MPI),Urban,,,Index,NG,0.155
2022,Proportion of persons of all ages living in poverty in all its dimensions according to national definitions,Multidimension Poverty Index (MPI),,North  Central,,Index,NGNCZ06,0.272
2022,Proportion of persons of all ages living in poverty in all its dimensions according to national definitions,Multidimension Poverty Index (MPI),,North East,,Index,NGNEZ05,0.324
2022,Proportion of persons of all ages living in poverty in all its dimensions according to national definitions,Multidimension Poverty Index (MPI),,North West,,Index,NGNWZ04,0.324
2022,Proportion of persons of all ages living in poverty in all its dimensions according to national definitions,Multidimension Poverty Index (MPI),,South East,,Index,NGSEZ03,0.183
2022,Proportion of persons of all ages living in poverty in all its dimensions according to national definitions,Multidimension Poverty Index (MPI),,South South,,Index,NGSSZ02,0.25
2022,Proportion of persons of all ages living in poverty in all its dimensions according to national definitions,Multidimension Poverty Index (MPI),,South West,,Index,NGSWZ01,0.151
2022,Proportion of persons of all ages living in poverty in all its dimensions according to national definitions,Multidimension Poverty Index (MPI),,,Abia,Index,NGAB01,0.101
2022,Proportion of persons of all ages living in poverty in all its dimensions according to national definitions,Multidimension Poverty Index (MPI),,,Adamawa,Index,NGAD02,0.283
2022,Proportion of persons of all ages living in poverty in all its dimensions according to national definitions,Multidimension Poverty Index (MPI),,,Akwa Ibom,Index,NGAK03,0.293
2022,Proportion of persons of all ages living in poverty in all its dimensions according to national definitions,Multidimension Poverty Index (MPI),,,Anambra,Index,NGAN04,0.109
2022,Proportion of persons of all ages living in poverty in all its dimensions according to national definitions,Multidimension Poverty Index (MPI),,,Bauchi,Index,NGBA05,0.298
2022,Proportion of persons of all ages living in poverty in all its dimensions according to national definitions,Multidimension Poverty Index (MPI),,,Bayelsa,Index,NGBY06,0.401
2022,Proportion of persons of all ages living in poverty in all its dimensions according to national definitions,Multidimension Poverty Index (MPI),,,Benue,Index,NGBE07,0.312
2022,Proportion of persons of all ages living in poverty in all its dimensions according to national definitions,Multidimension Poverty Index (MPI),,,Borno,Index,NGBO08,0.315
2022,Proportion of persons of all ages living in poverty in all its dimensions according to national definitions,Multidimension Poverty Index (MPI),,,Cross River,Index,NGXR09,0.299
2022,Proportion of persons of all ages living in poverty in all its dimensions according to national definitions,Multidimension Poverty Index (MPI),,,Delta,Index,NGDE10,0.173
2022,Proportion of persons of all ages living in poverty in all its dimensions according to national definitions,Multidimension Poverty Index (MPI),,,Ebonyi,Index,NGEB11,0.32
2022,Proportion of persons of all ages living in poverty in all its dimensions according to national definitions,Multidimension Poverty Index (MPI),,,Edo,Index,NGED12,0.126
2022,Proportion of persons of all ages living in poverty in all its dimensions according to national definitions,Multidimension Poverty Index (MPI),,,Ekiti,Index,NGEK13,0.125
2022,Proportion of persons of all ages living in poverty in all its dimensions according to national definitions,Multidimension Poverty Index (MPI),,,Enugu,Index,NGEN14,0.234
2022,Proportion of persons of all ages living in poverty in all its dimensions according to national definitions,Multidimension Poverty Index (MPI),,,Gombe,Index,NGGO15,0.38
2022,Proportion of persons of all ages living in poverty in all its dimensions according to national definitions,Multidimension Poverty Index (MPI),,,Imo,Index,NGIM16,0.142
2022,Proportion of persons of all ages living in poverty in all its dimensions according to national definitions,Multidimension Poverty Index (MPI),,,Jigawa,Index,NGJI17,0.385
2022,Proportion of persons of all ages living in poverty in all its dimensions according to national definitions,Multidimension Poverty Index (MPI),,,Kaduna,Index,NGKD18,0.298
2022,Proportion of persons of all ages living in poverty in all its dimensions according to national definitions,Multidimension Poverty Index (MPI),,,Kano,Index,NGKN19,0.27
2022,Proportion of persons of all ages living in poverty in all its dimensions according to national definitions,Multidimension Poverty Index (MPI),,,Katsina,Index,NGKT20,0.304
2022,Proportion of persons of all ages living in poverty in all its dimensions according to national definitions,Multidimension Poverty Index (MPI),,,Kebbi,Index,NGKE21,0.385
2022,Proportion of persons of all ages living in poverty in all its dimensions according to national definitions,Multidimension Poverty Index (MPI),,,Kogi,Index,NGKO22,0.25
2022,Proportion of persons of all ages living in poverty in all its dimensions according to national definitions,Multidimension Poverty Index (MPI),,,Kwara,Index,NGKW23,0.185
2022,Proportion of persons of all ages living in poverty in all its dimensions according to national definitions,Multidimension Poverty Index (MPI),,,Lagos,Index,NGLA24,0.101
2022,Proportion of persons of all ages living in poverty in all its dimensions according to national definitions,Multidimension Poverty Index (MPI),,,Nasarawa,Index,NGNA25,0.243
2022,Proportion of persons of all ages living in poverty in all its dimensions according to national definitions,Multidimension Poverty Index (MPI),,,Niger,Index,NGNI26,0.278
2022,Proportion of persons of all ages living in poverty in all its dimensions according to national definitions,Multidimension Poverty Index (MPI),,,Ogun,Index,NGOG27,0.289
2022,Proportion of persons of all ages living in poverty in all its dimensions according to national definitions,Multidimension Poverty Index (MPI),,,Ondo,Index,NGON28,0.095
2022,Proportion of persons of all ages living in poverty in all its dimensions according to national definitions,Multidimension Poverty Index (MPI),,,Osun,Index,NGOS29,0.15
2022,Proportion of persons of all ages living in poverty in all its dimensions according to national definitions,Multidimension Poverty Index (MPI),,,Oyo,Index,NGOY30,0.19
2022,Proportion of persons of all ages living in poverty in all its dimensions according to national definitions,Multidimension Poverty Index (MPI),,,Plateau,Index,NGPL31,0.365
2022,Proportion of persons of all ages living in poverty in all its dimensions according to national definitions,Multidimension Poverty Index (MPI),,,Rivers,Index,NGRI32,0.241
2022,Proportion of persons of all ages living in poverty in all its dimensions according to national definitions,Multidimension Poverty Index (MPI),,,Sokoto,Index,NGSO33,0.409
2022,Proportion of persons of all ages living in poverty in all its dimensions according to national definitions,Multidimension Poverty Index (MPI),,,Taraba,Index,NGTA34,0.34
2022,Proportion of persons of all ages living in poverty in all its dimensions according to national definitions,Multidimension Poverty Index (MPI),,,Yobe,Index,NGYO35,0.37
2022,Proportion of persons of all ages living in poverty in all its dimensions according to national definitions,Multidimension Poverty Index (MPI),,,Zamfara,Index,NGZA36,0.328
2022,Proportion of persons of all ages living in poverty in all its dimensions according to national definitions,Multidimension Poverty Index (MPI),,,Federal Capital Territory,Index,NGFC37,0.186
2022,Proportion of persons of all ages living in poverty in all its dimensions according to national definitions,Incidence (H),,,,Percentage (%),NG,62.9
2022,Proportion of persons of all ages living in poverty in all its dimensions according to national definitions,Incidence (H),Rural,,,Percentage (%),NG,72.0
2022,Proportion of persons of all ages living in poverty in all its dimensions according to national definitions,Incidence (H),Urban,,,Percentage (%),NG,42.0
2022,Proportion of persons of all ages living in poverty in all its dimensions according to national definitions,Incidence (H),,North  Central,,Percentage (%),NGNCZ06,66.3
2022,Proportion of persons of all ages living in poverty in all its dimensions according to national definitions,Incidence (H),,North East,,Percentage (%),NGNEZ05,76.5
2022,Proportion of persons of all ages living in poverty in all its dimensions according to national definitions,Incidence (H),,North West,,Percentage (%),NGNWZ04,75.8
2022,Proportion of persons of all ages living in poverty in all its dimensions according to national definitions,Incidence (H),,South East,,Percentage (%),NGSEZ03,49.0
2022,Proportion of persons of all ages living in poverty in all its dimensions according to national definitions,Incidence (H),,South South,,Percentage (%),NGSSZ02,62.6
2022,Proportion of persons of all ages living in poverty in all its dimensions according to national definitions,Incidence (H),,South West,,Percentage (%),NGSWZ01,40.0
2022,Proportion of persons of all ages living in poverty in all its dimensions according to national definitions,Incidence (H),,,Abia,Percentage (%),NGAB01,29.8
2022,Proportion of persons of all ages living in poverty in all its dimensions according to national definitions,Incidence (H),,,Adamawa,Percentage (%),NGAD02,68.7
2022,Proportion of persons of all ages living in poverty in all its dimensions according to national definitions,Incidence (H),,,Akwa Ibom,Percentage (%),NGAK03,71.3
2022,Proportion of persons of all ages living in poverty in all its dimensions according to national definitions,Incidence (H),,,Anambra,Percentage (%),NGAN04,32.1
2022,Proportion of persons of all ages living in poverty in all its dimensions according to national definitions,Incidence (H),,,Bauchi,Percentage (%),NGBA05,73.9
2022,Proportion of persons of all ages living in poverty in all its dimensions according to national definitions,Incidence (H),,,Bayelsa,Percentage (%),NGBY06,88.5
2022,Proportion of persons of all ages living in poverty in all its dimensions according to national definitions,Incidence (H),,,Benue,Percentage (%),NGBE07,75.0
2022,Proportion of persons of all ages living in poverty in all its dimensions according to national definitions,Incidence (H),,,Borno,Percentage (%),NGBO08,72.5
2022,Proportion of persons of all ages living in poverty in all its dimensions according to national definitions,Incidence (H),,,Cross River,Percentage (%),NGXR09,75.4
2022,Proportion of persons of all ages living in poverty in all its dimensions according to national definitions,Incidence (H),,,Delta,Percentage (%),NGDE10,47.6
2022,Proportion of persons of all ages living in poverty in all its dimensions according to national definitions,Incidence (H),,,Ebonyi,Percentage (%),NGEB11,78.0
2022,Proportion of persons of all ages living in poverty in all its dimensions according to national definitions,Incidence (H),,,Edo,Percentage (%),NGED12,35.4
2022,Proportion of persons of all ages living in poverty in all its dimensions according to national definitions,Incidence (H),,,Ekiti,Percentage (%),NGEK13,36.0
2022,Proportion of persons of all ages living in poverty in all its dimensions according to national definitions,Incidence (H),,,Enugu,Percentage (%),NGEN14,63.1
2022,Proportion of persons of all ages living in poverty in all its dimensions according to national definitions,Incidence (H),,,Gombe,Percentage (%),NGGO15,86.2
2022,Proportion of persons of all ages living in poverty in all its dimensions according to national definitions,Incidence (H),,,Imo,Percentage (%),NGIM16,40.7
2022,Proportion of persons of all ages living in poverty in all its dimensions according to national definitions,Incidence (H),,,Jigawa,Percentage (%),NGJI17,84.3
2022,Proportion of persons of all ages living in poverty in all its dimensions according to national definitions,Incidence (H),,,Kaduna,Percentage (%),NGKD18,73.9
2022,Proportion of persons of all ages living in poverty in all its dimensions according to national definitions,Incidence (H),,,Kano,Percentage (%),NGKN19,66.3
2022,Proportion of persons of all ages living in poverty in all its dimensions according to national definitions,Incidence (H),,,Katsina,Percentage (%),NGKT20,72.7
2022,Proportion of persons of all ages living in poverty in all its dimensions according to national definitions,Incidence (H),,,Kebbi,Percentage (%),NGKE21,82.2
2022,Proportion of persons of all ages living in poverty in all its dimensions according to national definitions,Incidence (H),,,Kogi,Percentage (%),NGKO22,61.3
2022,Proportion of persons of all ages living in poverty in all its dimensions according to national definitions,Incidence (H),,,Kwara,Percentage (%),NGKW23,48.3
2022,Proportion of persons of all ages living in poverty in all its dimensions according to national definitions,Incidence (H),,,Lagos,Percentage (%),NGLA24,29.4
2022,Proportion of persons of all ages living in poverty in all its dimensions according to national definitions,Incidence (H),,,Nasarawa,Percentage (%),NGNA25,60.7
2022,Proportion of persons of all ages living in poverty in all its dimensions according to national definitions,Incidence (H),,,Niger,Percentage (%),NGNI26,69.1
2022,Proportion of persons of all ages living in poverty in all its dimensions according to national definitions,Incidence (H),,,Ogun,Percentage (%),NGOG27,68.1
2022,Proportion of persons of all ages living in poverty in all its dimensions according to national definitions,Incidence (H),,,Ondo,Percentage (%),NGON28,27.2
2022,Proportion of persons of all ages living in poverty in all its dimensions according to national definitions,Incidence (H),,,Osun,Percentage (%),NGOS29,40.7
2022,Proportion of persons of all ages living in poverty in all its dimensions according to national definitions,Incidence (H),,,Oyo,Percentage (%),NGOY30,48.7
2022,Proportion of persons of all ages living in poverty in all its dimensions according to national definitions,Incidence (H),,,Plateau,Percentage (%),NGPL31,84.0
2022,Proportion of persons of all ages living in poverty in all its dimensions according to national definitions,Incidence (H),,,Rivers,Percentage (%),NGRI32,62.4
2022,Proportion of persons of all ages living in poverty in all its dimensions according to national definitions,Incidence (H),,,Sokoto,Percentage (%),NGSO33,90.5
2022,Proportion of persons of all ages living in poverty in all its dimensions according to national definitions,Incidence (H),,,Taraba,Percentage (%),NGTA34,79.4
2022,Proportion of persons of all ages living in poverty in all its dimensions according to national definitions,Incidence (H),,,Yobe,Percentage (%),NGYO35,83.5
2022,Proportion of persons of all ages living in poverty in all its dimensions according to national definitions,Incidence (H),,,Zamfara,Percentage (%),NGZA36,78.0
2022,Proportion of persons of all ages living in poverty in all its dimensions according to national definitions,Incidence (H),,,Federal Capital Territory,Percentage (%),NGFC37,48.3
2022,Proportion of persons of all ages living in poverty in all its dimensions according to national definitions,Intensity (A),,,,Percentage (%),NG,40.9
2022,Proportion of persons of all ages living in poverty in all its dimensions according to national definitions,Intensity (A),Rural,,,Percentage (%),NG,41.9
2022,Proportion of persons of all ages living in poverty in all its dimensions according to national definitions,Intensity (A),Urban,,,Percentage (%),NG,36.9
2022,Proportion of persons of all ages living in poverty in all its dimensions according to national definitions,Intensity (A),,North  Central,,Percentage (%),NGNCZ06,41.0
2022,Proportion of persons of all ages living in poverty in all its dimensions according to national definitions,Intensity (A),,North East,,Percentage (%),NGNEZ05,42.4
2022,Proportion of persons of all ages living in poverty in all its dimensions according to national definitions,Intensity (A),,North West,,Percentage (%),NGNWZ04,42.7
2022,Proportion of persons of all ages living in poverty in all its dimensions according to national definitions,Intensity (A),,South East,,Percentage (%),NGSEZ03,37.3
2022,Proportion of persons of all ages living in poverty in all its dimensions according to national definitions,Intensity (A),,South South,,Percentage (%),NGSSZ02,39.8
2022,Proportion of persons of all ages living in poverty in all its dimensions according to national definitions,Intensity (A),,South West,,Percentage (%),NGSWZ01,37.7
2022,Proportion of persons of all ages living in poverty in all its dimensions according to national definitions,Intensity (A),,,Abia,Percentage (%),NGAB01,33.9
2022,Proportion of persons of all ages living in poverty in all its dimensions according to national definitions,Intensity (A),,,Adamawa,Percentage (%),NGAD02,41.2
2022,Proportion of persons of all ages living in poverty in all its dimensions according to national definitions,Intensity (A),,,Akwa Ibom,Percentage (%),NGAK03,41.1
2022,Proportion of persons of all ages living in poverty in all its dimensions according to national definitions,Intensity (A),,,Anambra,Percentage (%),NGAN04,34.1
2022,Proportion of persons of all ages living in poverty in all its dimensions according to national definitions,Intensity (A),,,Bauchi,Percentage (%),NGBA05,40.4
2022,Proportion of persons of all ages living in poverty in all its dimensions according to national definitions,Intensity (A),,,Bayelsa,Percentage (%),NGBY06,45.3
2022,Proportion of persons of all ages living in poverty in all its dimensions according to national definitions,Intensity (A),,,Benue,Percentage (%),NGBE07,41.6
2022,Proportion of persons of all ages living in poverty in all its dimensions according to national definitions,Intensity (A),,,Borno,Percentage (%),NGBO08,43.4
2022,Proportion of persons of all ages living in poverty in all its dimensions according to national definitions,Intensity (A),,,Cross River,Percentage (%),NGXR09,39.7
2022,Proportion of persons of all ages living in poverty in all its dimensions according to national definitions,Intensity (A),,,Delta,Percentage (%),NGDE10,36.4
2022,Proportion of persons of all ages living in poverty in all its dimensions according to national definitions,Intensity (A),,,Ebonyi,Percentage (%),NGEB11,41.1
2022,Proportion of persons of all ages living in poverty in all its dimensions according to national definitions,Intensity (A),,,Edo,Percentage (%),NGED12,35.6
2022,Proportion of persons of all ages living in poverty in all its dimensions according to national definitions,Intensity (A),,,Ekiti,Percentage (%),NGEK13,34.9
2022,Proportion of persons of all ages living in poverty in all its dimensions according to national definitions,Intensity (A),,,Enugu,Percentage (%),NGEN14,37.2
2022,Proportion of persons of all ages living in poverty in all its dimensions according to national definitions,Intensity (A),,,Gombe,Percentage (%),NGGO15,44.0
2022,Proportion of persons of all ages living in poverty in all its dimensions according to national definitions,Intensity (A),,,Imo,Percentage (%),NGIM16,35.0
2022,Proportion of persons of all ages living in poverty in all its dimensions according to national definitions,Intensity (A),,,Jigawa,Percentage (%),NGJI17,45.7
2022,Proportion of persons of all ages living in poverty in all its dimensions according to national definitions,Intensity (A),,,Kaduna,Percentage (%),NGKD18,40.3
2022,Proportion of persons of all ages living in poverty in all its dimensions according to national definitions,Intensity (A),,,Kano,Percentage (%),NGKN19,40.8
2022,Proportion of persons of all ages living in poverty in all its dimensions according to national definitions,Intensity (A),,,Katsina,Percentage (%),NGKT20,41.7
2022,Proportion of persons of all ages living in poverty in all its dimensions according to national definitions,Intensity (A),,,Kebbi,Percentage (%),NGKE21,46.8
2022,Proportion of persons of all ages living in poverty in all its dimensions according to national definitions,Intensity (A),,,Kogi,Percentage (%),NGKO22,40.8
2022,Proportion of persons of all ages living in poverty in all its dimensions according to national definitions,Intensity (A),,,Kwara,Percentage (%),NGKW23,38.2
2022,Proportion of persons of all ages living in poverty in all its dimensions according to national definitions,Intensity (A),,,Lagos,Percentage (%),NGLA24,34.3
2022,Proportion of persons of all ages living in poverty in all its dimensions according to national definitions,Intensity (A),,,Nasarawa,Percentage (%),NGNA25,39.9
2022,Proportion of persons of all ages living in poverty in all its dimensions according to national definitions,Intensity (A),,,Niger,Percentage (%),NGNI26,40.2
2022,Proportion of persons of all ages living in poverty in all its dimensions according to national definitions,Intensity (A),,,Ogun,Percentage (%),NGOG27,42.4
2022,Proportion of persons of all ages living in poverty in all its dimensions according to national definitions,Intensity (A),,,Ondo,Percentage (%),NGON28,34.9
2022,Proportion of persons of all ages living in poverty in all its dimensions according to national definitions,Intensity (A),,,Osun,Percentage (%),NGOS29,36.8
2022,Proportion of persons of all ages living in poverty in all its dimensions according to national definitions,Intensity (A),,,Oyo,Percentage (%),NGOY30,39.0
2022,Proportion of persons of all ages living in poverty in all its dimensions according to national definitions,Intensity (A),,,Plateau,Percentage (%),NGPL31,43.5
2022,Proportion of persons of all ages living in poverty in all its dimensions according to national definitions,Intensity (A),,,Rivers,Percentage (%),NGRI32,38.7
2022,Proportion of persons of all ages living in poverty in all its dimensions according to national definitions,Intensity (A),,,Sokoto,Percentage (%),NGSO33,45.2
2022,Proportion of persons of all ages living in poverty in all its dimensions according to national definitions,Intensity (A),,,Taraba,Percentage (%),NGTA34,42.8
2022,Proportion of persons of all ages living in poverty in all its dimensions according to national definitions,Intensity (A),,,Yobe,Percentage (%),NGYO35,44.3
2022,Proportion of persons of all ages living in poverty in all its dimensions according to national definitions,Intensity (A),,,Zamfara,Percentage (%),NGZA36,42.1
2022,Proportion of persons of all ages living in poverty in all its dimensions according to national definitions,Intensity (A),,,Federal Capital Territory,Percentage (%),NGFC37,38.6
2022,Proportion of persons of all ages living in poverty in all its dimensions according to national definitions,Population Share,,,,Percentage (%),NG,100.0
2022,Proportion of persons of all ages living in poverty in all its dimensions according to national definitions,Population Share,Rural,,,Percentage (%),NG,69.6
2022,Proportion of persons of all ages living in poverty in all its dimensions according to national definitions,Population Share,Urban,,,Percentage (%),NG,30.4
2022,Proportion of persons of all ages living in poverty in all its dimensions according to national definitions,Population Share,,North  Central,,Percentage (%),NGNCZ06,14.4
2022,Proportion of persons of all ages living in poverty in all its dimensions according to national definitions,Population Share,,North East,,Percentage (%),NGNEZ05,12.7
2022,Proportion of persons of all ages living in poverty in all its dimensions according to national definitions,Population Share,,North West,,Percentage (%),NGNWZ04,28.4
2022,Proportion of persons of all ages living in poverty in all its dimensions according to national definitions,Population Share,,South East,,Percentage (%),NGSEZ03,10.5
2022,Proportion of persons of all ages living in poverty in all its dimensions according to national definitions,Population Share,,South South,,Percentage (%),NGSSZ02,14.8
2022,Proportion of persons of all ages living in poverty in all its dimensions according to national definitions,Population Share,,South West,,Percentage (%),NGSWZ01,19.2
2022,Proportion of persons of all ages living in poverty in all its dimensions according to national definitions,Population Share,,,Abia,Percentage (%),NGAB01,1.8
2022,Proportion of persons of all ages living in poverty in all its dimensions according to national definitions,Population Share,,,Adamawa,Percentage (%),NGAD02,2.4
2022,Proportion of persons of all ages living in poverty in all its dimensions according to national definitions,Population Share,,,Akwa Ibom,Percentage (%),NGAK03,3.4
2022,Proportion of persons of all ages living in poverty in all its dimensions according to national definitions,Population Share,,,Anambra,Percentage (%),NGAN04,2.4
2022,Proportion of persons of all ages living in poverty in all its dimensions according to national definitions,Population Share,,,Bauchi,Percentage (%),NGBA05,3.7
2022,Proportion of persons of all ages living in poverty in all its dimensions according to national definitions,Population Share,,,Bayelsa,Percentage (%),NGBY06,1.4
2022,Proportion of persons of all ages living in poverty in all its dimensions according to national definitions,Population Share,,,Benue,Percentage (%),NGBE07,3.0
2022,Proportion of persons of all ages living in poverty in all its dimensions according to national definitions,Population Share,,,Borno,Percentage (%),NGBO08,1.5
2022,Proportion of persons of all ages living in poverty in all its dimensions according to national definitions,Population Share,,,Cross River,Percentage (%),NGXR09,2.2
2022,Proportion of persons of all ages living in poverty in all its dimensions according to national definitions,Population Share,,,Delta,Percentage (%),NGDE10,2.7
2022,Proportion of persons of all ages living in poverty in all its dimensions according to national definitions,Population Share,,,Ebonyi,Percentage (%),NGEB11,2.2
2022,Proportion of persons of all ages living in poverty in all its dimensions according to national definitions,Population Share,,,Edo,Percentage (%),NGED12,1.9
2022,Proportion of persons of all ages living in poverty in all its dimensions according to national definitions,Population Share,,,Ekiti,Percentage (%),NGEK13,1.7
2022,Proportion of persons of all ages living in poverty in all its dimensions according to national definitions,Population Share,,,Enugu,Percentage (%),NGEN14,2.0
2022,Proportion of persons of all ages living in poverty in all its dimensions according to national definitions,Population Share,,,Gombe,Percentage (%),NGGO15,1.7
2022,Proportion of persons of all ages living in poverty in all its dimensions according to national definitions,Population Share,,,Imo,Percentage (%),NGIM16,2.1
2022,Proportion of persons of all ages living in poverty in all its dimensions according to national definitions,Population Share,,,Jigawa,Percentage (%),NGJI17,3.2
2022,Proportion of persons of all ages living in poverty in all its dimensions according to national definitions,Population Share,,,Kaduna,Percentage (%),NGKD18,5.1
2022,Proportion of persons of all ages living in poverty in all its dimensions according to national definitions,Population Share,,,Kano,Percentage (%),NGKN19,7.5
2022,Proportion of persons of all ages living in poverty in all its dimensions according to national definitions,Population Share,,,Katsina,Percentage (%),NGKT20,4.5
2022,Proportion of persons of all ages living in poverty in all its dimensions according to national definitions,Population Share,,,Kebbi,Percentage (%),NGKE21,2.5
2022,Proportion of persons of all ages living in poverty in all its dimensions according to national definitions,Population Share,,,Kogi,Percentage (%),NGKO22,2.2
2022,Proportion of persons of all ages living in poverty in all its dimensions according to national definitions,Population Share,,,Kwara,Percentage (%),NGKW23,1.7
2022,Proportion of persons of all ages living in poverty in all its dimensions according to national definitions,Population Share,,,Lagos,Percentage (%),NGLA24,6.8
2022,Proportion of persons of all ages living in poverty in all its dimensions according to national definitions,Population Share,,,Nasarawa,Percentage (%),NGNA25,1.1
2022,Proportion of persons of all ages living in poverty in all its dimensions according to national definitions,Population Share,,,Niger,Percentage (%),NGNI26,2.5
2022,Proportion of persons of all ages living in poverty in all its dimensions according to national definitions,Population Share,,,Ogun,Percentage (%),NGOG27,2.6
2022,Proportion of persons of all ages living in poverty in all its dimensions according to national definitions,Population Share,,,Ondo,Percentage (%),NGON28,2.2
2022,Proportion of persons of all ages living in poverty in all its dimensions according to national definitions,Population Share,,,Osun,Percentage (%),NGOS29,2.2
2022,Proportion of persons of all ages living in poverty in all its dimensions according to national definitions,Population Share,,,Oyo,Percentage (%),NGOY30,3.7
2022,Proportion of persons of all ages living in poverty in all its dimensions according to national definitions,Population Share,,,Plateau,Percentage (%),NGPL31,2.4
2022,Proportion of persons of all ages living in poverty in all its dimensions according to national definitions,Population Share,,,Rivers,Percentage (%),NGRI32,3.3
2022,Proportion of persons of all ages living in poverty in all its dimensions according to national definitions,Population Share,,,Sokoto,Percentage (%),NGSO33,3.0
2022,Proportion of persons of all ages living in poverty in all its dimensions according to national definitions,Population Share,,,Taraba,Percentage (%),NGTA34,1.7
2022,Proportion of persons of all ages living in poverty in all its dimensions according to national definitions,Population Share,,,Yobe,Percentage (%),NGYO35,1.8
2022,Proportion of persons of all ages living in poverty in all its dimensions according to national definitions,Population Share,,,Zamfara,Percentage (%),NGZA36,2.5
2022,Proportion of persons of all ages living in poverty in all its dimensions according to national definitions,Population Share,,,Federal Capital Territory,Percentage (%),NGFC37,1.6
2022,Proportion of persons of all ages living in poverty in all its dimensions according to national definitions,Number of Poor,,,,Millions,NG,132.92
2022,Proportion of persons of all ages living in poverty in all its dimensions according to national definitions,Number of Poor,Rural,,,Millions,NG,105.98
2022,Proportion of persons of all ages living in poverty in all its dimensions according to national definitions,Number of Poor,Urban,,,Millions,NG,26.94
2022,Proportion of persons of all ages living in poverty in all its dimensions according to national definitions,Number of Poor,,North  Central,,Millions,NGNCZ06,20.19
2022,Proportion of persons of all ages living in poverty in all its dimensions according to national definitions,Number of Poor,,North East,,Millions,NGNEZ05,20.47
2022,Proportion of persons of all ages living in poverty in all its dimensions according to national definitions,Number of Poor,,North West,,Millions,NGNWZ04,45.49
2022,Proportion of persons of all ages living in poverty in all its dimensions according to national definitions,Number of Poor,,South East,,Millions,NGSEZ03,10.85
2022,Proportion of persons of all ages living in poverty in all its dimensions according to national definitions,Number of Poor,,South South,,Millions,NGSSZ02,19.66
2022,Proportion of persons of all ages living in poverty in all its dimensions according to national definitions,Number of Poor,,South West,,Millions,NGSWZ01,16.27
2022,Proportion of persons of all ages living in poverty in all its dimensions according to national definitions,Number of Poor,,,Abia,Millions,NGAB01,1.12
2022,Proportion of persons of all ages living in poverty in all its dimensions according to national definitions,Number of Poor,,,Adamawa,Millions,NGAD02,3.44
2022,Proportion of persons of all ages living in poverty in all its dimensions according to national definitions,Number of Poor,,,Akwa Ibom,Millions,NGAK03,5.08
2022,Proportion of persons of all ages living in poverty in all its dimensions according to national definitions,Number of Poor,,,Anambra,Millions,NGAN04,1.64
2022,Proportion of persons of all ages living in poverty in all its dimensions according to national definitions,Number of Poor,,,Bauchi,Millions,NGBA05,5.71
2022,Proportion of persons of all ages living in poverty in all its dimensions according to national definitions,Number of Poor,,,Bayelsa,Millions,NGBY06,2.61
2022,Proportion of persons of all ages living in poverty in all its dimensions according to national definitions,Number of Poor,,,Benue,Millions,NGBE07,4.71
2022,Proportion of persons of all ages living in poverty in all its dimensions according to national definitions,Number of Poor,,,Borno,Millions,NGBO08,2.25
2022,Proportion of persons of all ages living in poverty in all its dimensions according to national definitions,Number of Poor,,,Cross River,Millions,NGXR09,3.44
2022,Proportion of persons of all ages living in poverty in all its dimensions according to national definitions,Number of Poor,,,Delta,Millions,NGDE10,2.73
2022,Proportion of persons of all ages living in poverty in all its dimensions according to national definitions,Number of Poor,,,Ebonyi,Millions,NGEB11,3.66
2022,Proportion of persons of all ages living in poverty in all its dimensions according to national definitions,Number of Poor,,,Edo,Millions,NGED12,1.4
2022,Proportion of persons of all ages living in poverty in all its dimensions according to national definitions,Number of Poor,,,Ekiti,Millions,NGEK13,1.31
2022,Proportion of persons of all ages living in poverty in all its dimensions according to national definitions,Number of Poor,,,Enugu,Millions,NGEN14,2.63
2022,Proportion of persons of all ages living in poverty in all its dimensions according to national definitions,Number of Poor,,,Gombe,Millions,NGGO15,3.02
2022,Proportion of persons of all ages living in poverty in all its dimensions according to national definitions,Number of Poor,,,Imo,Millions,NGIM16,1.8
2022,Proportion of persons of all ages living in poverty in all its dimensions according to national definitions,Number of Poor,,,Jigawa,Millions,NGJI17,5.76
2022,Proportion of persons of all ages living in poverty in all its dimensions according to national definitions,Number of Poor,,,Kaduna,Millions,NGKD18,8.04
2022,Proportion of persons of all ages living in poverty in all its dimensions according to national definitions,Number of Poor,,,Kano,Millions,NGKN19,10.51
2022,Proportion of persons of all ages living in poverty in all its dimensions according to national definitions,Number of Poor,,,Katsina,Millions,NGKT20,6.92
2022,Proportion of persons of all ages living in poverty in all its dimensions according to national definitions,Number of Poor,,,Kebbi,Millions,NGKE21,4.28
2022,Proportion of persons of all ages living in poverty in all its dimensions according to national definitions,Number of Poor,,,Kogi,Millions,NGKO22,2.88
2022,Proportion of persons of all ages living in poverty in all its dimensions according to national definitions,Number of Poor,,,Kwara,Millions,NGKW23,1.72
2022,Proportion of persons of all ages living in poverty in all its dimensions according to national definitions,Number of Poor,,,Lagos,Millions,NGLA24,4.22
2022,Proportion of persons of all ages living in poverty in all its dimensions according to national definitions,Number of Poor,,,Nasarawa,Millions,NGNA25,1.36
2022,Proportion of persons of all ages living in poverty in all its dimensions according to national definitions,Number of Poor,,,Niger,Millions,NGNI26,3.6
2022,Proportion of persons of all ages living in poverty in all its dimensions according to national definitions,Number of Poor,,,Ogun,Millions,NGOG27,3.78
2022,Proportion of persons of all ages living in poverty in all its dimensions according to national definitions,Number of Poor,,,Ondo,Millions,NGON28,1.3
2022,Proportion of persons of all ages living in poverty in all its dimensions according to national definitions,Number of Poor,,,Osun,Millions,NGOS29,1.88
2022,Proportion of persons of all ages living in poverty in all its dimensions according to national definitions,Number of Poor,,,Oyo,Millions,NGOY30,3.79
2022,Proportion of persons of all ages living in poverty in all its dimensions according to national definitions,Number of Poor,,,Plateau,Millions,NGPL31,4.32
2022,Proportion of persons of all ages living in poverty in all its dimensions according to national definitions,Number of Poor,,,Rivers,Millions,NGRI32,4.4
2022,Proportion of persons of all ages living in poverty in all its dimensions according to national definitions,Number of Poor,,,Sokoto,Millions,NGSO33,5.81
2022,Proportion of persons of all ages living in poverty in all its dimensions according to national definitions,Number of Poor,,,Taraba,Millions,NGTA34,2.81
2022,Proportion of persons of all ages living in poverty in all its dimensions according to national definitions,Number of Poor,,,Yobe,Millions,NGYO35,3.23
2022,Proportion of persons of all ages living in poverty in all its dimensions according to national definitions,Number of Poor,,,Zamfara,Millions,NGZA36,4.17
2022,Proportion of persons of all ages living in poverty in all its dimensions according to national definitions,Number of Poor,,,Federal Capital Territory,Millions,NGFC37,1.59
